candidate_key,question_id,claim_index,source_file,exact_claim_text,first_pass_propositions,first_pass_source_excerpts,first_pass_classification,first_pass_rationale,first_pass_independent_test,verification_pass_propositions,verification_pass_source_excerpts,verification_pass_classification,verification_pass_rationale,verification_independent_test,disagreement,disagreement_resolution,final_classification,final_rationale,uncertainty_present,negation_present,approximation_present,unsupported_information_added
SE-049:6,SE-049,6,results/pilot_llm_assisted_batch1_DRAFT_UNREVIEWED.md,التوسع الأفقي شبه غير محدود ويوفر توافرًا أعلى.,"[{""proposition_text"":""التوسع الأفقي شبه غير محدود."",""exact_source_excerpt"":""أما الـ Horizontal فتقريبًا مالوش سقف، وبيدّيك توافر أعلى، لكن بيحتاج تعقيد أكتر في التوزيع والتأكد إن البيانات متسقة بين كل السيرفرات."",""directly_source_supported"":true,""semantic_correspondence"":""تقريبًا مالوش سقف supports the approximate horizontal-scaling limit.""},{""proposition_text"":""التوسع الأفقي يوفر توافرًا أعلى."",""exact_source_excerpt"":""أما الـ Horizontal فتقريبًا مالوش سقف، وبيدّيك توافر أعلى، لكن بيحتاج تعقيد أكتر في التوزيع والتأكد إن البيانات متسقة بين كل السيرفرات."",""directly_source_supported"":true,""semantic_correspondence"":""بيدّيك توافر أعلى directly supports the availability proposition.""}]","[""أما الـ Horizontal فتقريبًا مالوش سقف، وبيدّيك توافر أعلى، لكن بيحتاج تعقيد أكتر في التوزيع والتأكد إن البيانات متسقة بين كل السيرفرات."",""أما الـ Horizontal فتقريبًا مالوش سقف، وبيدّيك توافر أعلى، لكن بيحتاج تعقيد أكتر في التوزيع والتأكد إن البيانات متسقة بين كل السيرفرات.""]",NON_ATOMIC_REPAIR_REQUIRED,Scalability extent and availability are two properties whose truth values need not move together.,"{""can_proposition_1_be_true_while_proposition_2_is_false"":true,""can_proposition_2_be_true_while_proposition_1_is_false"":true,""evidence_based_explanation"":""Near-unbounded scale can be accepted while higher availability is rejected, and higher availability can be accepted without accepting near-unbounded scale."",""multi_proposition_analysis"":null,""semantic_dependency"":null}","[{""proposition_text"":""Horizontal Scaling لا يكاد يملك سقفًا."",""exact_source_excerpt"":""أما الـ Horizontal فتقريبًا مالوش سقف، وبيدّيك توافر أعلى، لكن بيحتاج تعقيد أكتر في التوزيع والتأكد إن البيانات متسقة بين كل السيرفرات."",""directly_source_supported"":true,""semantic_correspondence"":""تقريبًا مالوش سقف supports the preserved approximation.""},{""proposition_text"":""Horizontal Scaling يرفع availability."",""exact_source_excerpt"":""أما الـ Horizontal فتقريبًا مالوش سقف، وبيدّيك توافر أعلى، لكن بيحتاج تعقيد أكتر في التوزيع والتأكد إن البيانات متسقة بين كل السيرفرات."",""directly_source_supported"":true,""semantic_correspondence"":""بيدّيك توافر أعلى states the second property.""}]","[""أما الـ Horizontal فتقريبًا مالوش سقف، وبيدّيك توافر أعلى، لكن بيحتاج تعقيد أكتر في التوزيع والتأكد إن البيانات متسقة بين كل السيرفرات."",""أما الـ Horizontal فتقريبًا مالوش سقف، وبيدّيك توافر أعلى، لكن بيحتاج تعقيد أكتر في التوزيع والتأكد إن البيانات متسقة بين كل السيرفرات.""]",NON_ATOMIC_REPAIR_REQUIRED,Scale ceiling and service availability remain distinct properties despite sharing the same scaling method.,"{""can_proposition_1_be_true_while_proposition_2_is_false"":true,""can_proposition_2_be_true_while_proposition_1_is_false"":true,""evidence_based_explanation"":""Either property can hold without the other."",""multi_proposition_analysis"":null,""semantic_dependency"":null}",false,null,NON_ATOMIC_REPAIR_REQUIRED,The separately authored passes agree. First-pass evidence: Scalability extent and availability are two properties whose truth values need not move together. Verification evidence: Scale ceiling and service availability remain distinct properties despite sharing the same scaling method.,true,true,true,false
DS-003:3,DS-003,3,results/pilot_llm_assisted_batch2_DRAFT_UNREVIEWED.md,كلا المهمتين من التعلم الموجه (Supervised Learning) وتتطلبان بيانات موسومة للتدريب.,"[{""proposition_text"":""التصنيف والانحدار مهمتان من التعلم الموجه وتتطلبان بيانات موسومة للتدريب."",""exact_source_excerpt"":""المهمتين الاتنين من التعلم الموجه Supervised Learning، ومحتاجين بيانات موسومة عشان يتدربوا."",""directly_source_supported"":true,""semantic_correspondence"":""The same source sentence states the category and its defining labeled-training requirement.""}]","[""المهمتين الاتنين من التعلم الموجه Supervised Learning، ومحتاجين بيانات موسومة عشان يتدربوا.""]",INTEGRATED_SINGLE_CLAIM_FALSE_POSITIVE,The labeled-data clause supplies the necessary qualification of the single supervised-learning classification.,"{""can_proposition_1_be_true_while_proposition_2_is_false"":false,""can_proposition_2_be_true_while_proposition_1_is_false"":false,""evidence_based_explanation"":""There is one proposition, not two independently scored propositions: the label requirement explains the stated supervised category."",""multi_proposition_analysis"":null,""semantic_dependency"":""Separating the requirement would fragment the category-and-definition unit.""}","[{""proposition_text"":""Classification وRegression كلاهما supervised ويعتمد تدريبهما على labeled data."",""exact_source_excerpt"":""المهمتين الاتنين من التعلم الموجه Supervised Learning، ومحتاجين بيانات موسومة عشان يتدربوا."",""directly_source_supported"":true,""semantic_correspondence"":""The source jointly states the category and the labeled-data requirement.""}]","[""المهمتين الاتنين من التعلم الموجه Supervised Learning، ومحتاجين بيانات موسومة عشان يتدربوا.""]",INTEGRATED_SINGLE_CLAIM_FALSE_POSITIVE,Labeled training is the qualifying definition attached to the shared supervised category.,"{""can_proposition_1_be_true_while_proposition_2_is_false"":false,""can_proposition_2_be_true_while_proposition_1_is_false"":false,""evidence_based_explanation"":""The reverse pass finds one category-with-requirement proposition."",""multi_proposition_analysis"":null,""semantic_dependency"":""Independent scoring would split a necessary qualification from the classification it defines.""}",false,null,INTEGRATED_SINGLE_CLAIM_FALSE_POSITIVE,The separately authored passes agree. First-pass evidence: The labeled-data clause supplies the necessary qualification of the single supervised-learning classification. Verification evidence: Labeled training is the qualifying definition attached to the shared supervised category.,false,true,false,false
CS-003:1,CS-003,1,results/pilot_llm_assisted_batch2_DRAFT_UNREVIEWED.md,الجدار الناري (Firewall) نظام أمني يراقب حركة مرور الشبكة الداخلة والخارجة ويسمح بها أو يمنعها وفق قواعد أمنية محددة مسبقًا.,"[{""proposition_text"":""الجدار الناري يراقب حركة مرور الشبكة الداخلة والخارجة."",""exact_source_excerpt"":""الجدار الناري Firewall نظام أمني بيراقب حركة مرور الشبكة الداخلة والخارجة، وبيسمح بيها أو يمنعها حسب قواعد أمنية محددة مسبقًا."",""directly_source_supported"":true,""semantic_correspondence"":""بيراقب حركة مرور الشبكة الداخلة والخارجة supports the monitoring behavior.""},{""proposition_text"":""الجدار الناري يسمح بحركة المرور أو يمنعها وفق قواعد أمنية محددة مسبقًا."",""exact_source_excerpt"":""الجدار الناري Firewall نظام أمني بيراقب حركة مرور الشبكة الداخلة والخارجة، وبيسمح بيها أو يمنعها حسب قواعد أمنية محددة مسبقًا."",""directly_source_supported"":true,""semantic_correspondence"":""بيسمح بيها أو يمنعها حسب قواعد supports the enforcement behavior.""}]","[""الجدار الناري Firewall نظام أمني بيراقب حركة مرور الشبكة الداخلة والخارجة، وبيسمح بيها أو يمنعها حسب قواعد أمنية محددة مسبقًا."",""الجدار الناري Firewall نظام أمني بيراقب حركة مرور الشبكة الداخلة والخارجة، وبيسمح بيها أو يمنعها حسب قواعد أمنية محددة مسبقًا.""]",NON_ATOMIC_REPAIR_REQUIRED,Monitoring traffic and enforcing allow-or-deny rules are distinct firewall behaviors.,"{""can_proposition_1_be_true_while_proposition_2_is_false"":true,""can_proposition_2_be_true_while_proposition_1_is_false"":true,""evidence_based_explanation"":""Monitoring can be correctly attributed while enforcement is misstated, and enforcement can be correctly attributed even if the monitoring wording is rejected."",""multi_proposition_analysis"":null,""semantic_dependency"":null}","[{""proposition_text"":""Firewall يراقب traffic ويطبق قواعد تسمح به أو تمنعه."",""exact_source_excerpt"":""الجدار الناري Firewall نظام أمني بيراقب حركة مرور الشبكة الداخلة والخارجة، وبيسمح بيها أو يمنعها حسب قواعد أمنية محددة مسبقًا."",""directly_source_supported"":true,""semantic_correspondence"":""The source places observation and enforcement in one firewall description.""}]","[""الجدار الناري Firewall نظام أمني بيراقب حركة مرور الشبكة الداخلة والخارجة، وبيسمح بيها أو يمنعها حسب قواعد أمنية محددة مسبقًا.""]",INTEGRATED_SINGLE_CLAIM_FALSE_POSITIVE,The reverse reading treats inspection and rule enforcement as the intrinsic operation defining one firewall.,"{""can_proposition_1_be_true_while_proposition_2_is_false"":false,""can_proposition_2_be_true_while_proposition_1_is_false"":false,""evidence_based_explanation"":""There is one inspection-and-enforcement proposition on this reading."",""multi_proposition_analysis"":null,""semantic_dependency"":""Separating allow/deny from the traffic it evaluates could fragment the firewall mechanism.""}",true,"{""candidate_key"":""CS-003:1"",""first_classification"":""NON_ATOMIC_REPAIR_REQUIRED"",""verification_classification"":""INTEGRATED_SINGLE_CLAIM_FALSE_POSITIVE"",""exact_disputed_propositions"":[""الجدار الناري يراقب حركة مرور الشبكة الداخلة والخارجة."",""الجدار الناري يسمح بحركة المرور أو يمنعها وفق قواعد أمنية محددة مسبقًا.""],""exact_source_excerpts"":[""الجدار الناري Firewall نظام أمني بيراقب حركة مرور الشبكة الداخلة والخارجة، وبيسمح بيها أو يمنعها حسب قواعد أمنية محددة مسبقًا.""],""independent_judgability_analysis"":{""can_proposition_1_be_true_while_proposition_2_is_false"":true,""can_proposition_2_be_true_while_proposition_1_is_false"":true,""evidence_based_explanation"":""The source asserts two predicates. Accepting traffic monitoring does not require accepting the stated allow/deny behavior, and accepting rule enforcement does not require accepting the monitoring description. Each can be scored without changing the other's meaning.""},""final_classification"":""NON_ATOMIC_REPAIR_REQUIRED"",""final_rationale"":""The verification pass over-integrated two separately judgeable firewall behaviors. Both are source-stated and remain complete after separation.""}",NON_ATOMIC_REPAIR_REQUIRED,The verification pass over-integrated two separately judgeable firewall behaviors. Both are source-stated and remain complete after separation.,false,true,false,false
SE-003:5,SE-003,5,results/pilot_llm_assisted_batch2_DRAFT_UNREVIEWED.md,الوراثة المتعددة (Multiple Inheritance) تعني الوراثة من أكثر من أب، وتدعمها لغة C++.,"[{""proposition_text"":""الوراثة المتعددة تعني الوراثة من أكثر من أب."",""exact_source_excerpt"":""الوراثة المتعددة Multiple Inheritance معناها الوراثة من أكتر من أب، وبتدعمها لغات زي C++ وPython، وممكن تسبب مشاكل زي الـ Diamond Problem."",""directly_source_supported"":true,""semantic_correspondence"":""The definition is stated before the language examples.""},{""proposition_text"":""لغة C++ تدعم الوراثة المتعددة."",""exact_source_excerpt"":""الوراثة المتعددة Multiple Inheritance معناها الوراثة من أكتر من أب، وبتدعمها لغات زي C++ وPython، وممكن تسبب مشاكل زي الـ Diamond Problem."",""directly_source_supported"":true,""semantic_correspondence"":""C++ is explicitly named among supporting languages.""}]","[""الوراثة المتعددة Multiple Inheritance معناها الوراثة من أكتر من أب، وبتدعمها لغات زي C++ وPython، وممكن تسبب مشاكل زي الـ Diamond Problem."",""الوراثة المتعددة Multiple Inheritance معناها الوراثة من أكتر من أب، وبتدعمها لغات زي C++ وPython، وممكن تسبب مشاكل زي الـ Diamond Problem.""]",NON_ATOMIC_REPAIR_REQUIRED,The concept definition and C++ support are separately scoreable technical facts.,"{""can_proposition_1_be_true_while_proposition_2_is_false"":true,""can_proposition_2_be_true_while_proposition_1_is_false"":true,""evidence_based_explanation"":""The definition can be right while the language-support example is wrong, and C++ support can be right even if the definition is misstated."",""multi_proposition_analysis"":null,""semantic_dependency"":null}","[{""proposition_text"":""Multiple Inheritance تورث الصنف من أكثر من parent."",""exact_source_excerpt"":""الوراثة المتعددة Multiple Inheritance معناها الوراثة من أكتر من أب، وبتدعمها لغات زي C++ وPython، وممكن تسبب مشاكل زي الـ Diamond Problem."",""directly_source_supported"":true,""semantic_correspondence"":""The source supplies the meaning.""},{""proposition_text"":""C++ من اللغات التي تدعم Multiple Inheritance."",""exact_source_excerpt"":""الوراثة المتعددة Multiple Inheritance معناها الوراثة من أكتر من أب، وبتدعمها لغات زي C++ وPython، وممكن تسبب مشاكل زي الـ Diamond Problem."",""directly_source_supported"":true,""semantic_correspondence"":""The source names C++ as a supporting language.""}]","[""الوراثة المتعددة Multiple Inheritance معناها الوراثة من أكتر من أب، وبتدعمها لغات زي C++ وPython، وممكن تسبب مشاكل زي الـ Diamond Problem."",""الوراثة المتعددة Multiple Inheritance معناها الوراثة من أكتر من أب، وبتدعمها لغات زي C++ وPython، وممكن تسبب مشاكل زي الـ Diamond Problem.""]",NON_ATOMIC_REPAIR_REQUIRED,Definition and implementation-language support are different claims.,"{""can_proposition_1_be_true_while_proposition_2_is_false"":true,""can_proposition_2_be_true_while_proposition_1_is_false"":true,""evidence_based_explanation"":""Neither assertion logically fixes the truth of the other."",""multi_proposition_analysis"":null,""semantic_dependency"":null}",false,null,NON_ATOMIC_REPAIR_REQUIRED,The separately authored passes agree. First-pass evidence: The concept definition and C++ support are separately scoreable technical facts. Verification evidence: Definition and implementation-language support are different claims.,false,false,false,false
SE-033:1,SE-033,1,results/pilot_llm_assisted_batch2_DRAFT_UNREVIEWED.md,المصفوفة (Array) تخزن عناصرها في مواقع ذاكرة متجاورة، بينما تتوزع عقد القائمة المتصلة (Linked List) في الذاكرة وتربط بمؤشرات.,"[{""proposition_text"":""المصفوفة تخزن عناصرها في مواقع ذاكرة متجاورة."",""exact_source_excerpt"":""المصفوفة Array بتخزن عناصرها في مواقع ذاكرة متجاورة، بينما عقد القائمة المتصلة Linked List بتتوزع في الذاكرة وبترتبط بمؤشرات."",""directly_source_supported"":true,""semantic_correspondence"":""The first comparison side explicitly states contiguous array storage.""},{""proposition_text"":""عقد القائمة المتصلة تتوزع في الذاكرة وترتبط بمؤشرات."",""exact_source_excerpt"":""المصفوفة Array بتخزن عناصرها في مواقع ذاكرة متجاورة، بينما عقد القائمة المتصلة Linked List بتتوزع في الذاكرة وبترتبط بمؤشرات."",""directly_source_supported"":true,""semantic_correspondence"":""The second side explicitly states distributed nodes and pointer links.""}]","[""المصفوفة Array بتخزن عناصرها في مواقع ذاكرة متجاورة، بينما عقد القائمة المتصلة Linked List بتتوزع في الذاكرة وبترتبط بمؤشرات."",""المصفوفة Array بتخزن عناصرها في مواقع ذاكرة متجاورة، بينما عقد القائمة المتصلة Linked List بتتوزع في الذاكرة وبترتبط بمؤشرات.""]",NON_ATOMIC_REPAIR_REQUIRED,The comparison asserts independent memory-layout facts about two structures.,"{""can_proposition_1_be_true_while_proposition_2_is_false"":true,""can_proposition_2_be_true_while_proposition_1_is_false"":true,""evidence_based_explanation"":""Either structure's layout description can be accepted or rejected without determining the other."",""multi_proposition_analysis"":null,""semantic_dependency"":null}","[{""proposition_text"":""Array يستخدم مواضع ذاكرة متجاورة."",""exact_source_excerpt"":""المصفوفة Array بتخزن عناصرها في مواقع ذاكرة متجاورة، بينما عقد القائمة المتصلة Linked List بتتوزع في الذاكرة وبترتبط بمؤشرات."",""directly_source_supported"":true,""semantic_correspondence"":""The array side is explicit.""},{""proposition_text"":""Linked List يوزع العقد ويربطها بمؤشرات."",""exact_source_excerpt"":""المصفوفة Array بتخزن عناصرها في مواقع ذاكرة متجاورة، بينما عقد القائمة المتصلة Linked List بتتوزع في الذاكرة وبترتبط بمؤشرات."",""directly_source_supported"":true,""semantic_correspondence"":""The linked-list side is explicit.""}]","[""المصفوفة Array بتخزن عناصرها في مواقع ذاكرة متجاورة، بينما عقد القائمة المتصلة Linked List بتتوزع في الذاكرة وبترتبط بمؤشرات."",""المصفوفة Array بتخزن عناصرها في مواقع ذاكرة متجاورة، بينما عقد القائمة المتصلة Linked List بتتوزع في الذاكرة وبترتبط بمؤشرات.""]",NON_ATOMIC_REPAIR_REQUIRED,A comparison of two structures contains one proposition about each structure.,"{""can_proposition_1_be_true_while_proposition_2_is_false"":true,""can_proposition_2_be_true_while_proposition_1_is_false"":true,""evidence_based_explanation"":""The array layout may be correct while the list layout is wrong, or the reverse."",""multi_proposition_analysis"":null,""semantic_dependency"":null}",false,null,NON_ATOMIC_REPAIR_REQUIRED,The separately authored passes agree. First-pass evidence: The comparison asserts independent memory-layout facts about two structures. Verification evidence: A comparison of two structures contains one proposition about each structure.,true,false,false,false
GN-006:5,GN-006,5,results/pilot_llm_assisted_batch2_DRAFT_UNREVIEWED.md,يتكون عنوان IPv6 من 128 bit ويكتب بصيغة سداسية عشرية (Hexadecimal) تفصلها نقطتان رأسيتان، ويوفر فضاء عناوين ضخمًا يحل مشكلة النفاد.,"[{""proposition_text"":""عنوان IPv6 يتكون من 128 bit."",""exact_source_excerpt"":""عنوان IPv6 بيتكون من 128 bit، وبيتكتب بصيغة سداسية عشرية Hexadecimal مفصولة بنقطتين رأسيتين، وبيوفر فضاء عناوين ضخم بيحل مشكلة النفاد."",""directly_source_supported"":true,""semantic_correspondence"":""The source explicitly gives the bit width.""},{""proposition_text"":""عنوان IPv6 يكتب بصيغة سداسية عشرية تفصلها نقطتان رأسيتان."",""exact_source_excerpt"":""عنوان IPv6 بيتكون من 128 bit، وبيتكتب بصيغة سداسية عشرية Hexadecimal مفصولة بنقطتين رأسيتين، وبيوفر فضاء عناوين ضخم بيحل مشكلة النفاد."",""directly_source_supported"":true,""semantic_correspondence"":""The source explicitly gives the written notation.""},{""proposition_text"":""IPv6 يوفر فضاء عناوين ضخمًا يحل مشكلة النفاد."",""exact_source_excerpt"":""عنوان IPv6 بيتكون من 128 bit، وبيتكتب بصيغة سداسية عشرية Hexadecimal مفصولة بنقطتين رأسيتين، وبيوفر فضاء عناوين ضخم بيحل مشكلة النفاد."",""directly_source_supported"":true,""semantic_correspondence"":""The source explicitly states the capacity consequence.""}]","[""عنوان IPv6 بيتكون من 128 bit، وبيتكتب بصيغة سداسية عشرية Hexadecimal مفصولة بنقطتين رأسيتين، وبيوفر فضاء عناوين ضخم بيحل مشكلة النفاد."",""عنوان IPv6 بيتكون من 128 bit، وبيتكتب بصيغة سداسية عشرية Hexadecimal مفصولة بنقطتين رأسيتين، وبيوفر فضاء عناوين ضخم بيحل مشكلة النفاد."",""عنوان IPv6 بيتكون من 128 bit، وبيتكتب بصيغة سداسية عشرية Hexadecimal مفصولة بنقطتين رأسيتين، وبيوفر فضاء عناوين ضخم بيحل مشكلة النفاد.""]",NON_ATOMIC_REPAIR_REQUIRED,"Width, notation, and address-space consequence are three separate IPv6 assertions.","{""can_proposition_1_be_true_while_proposition_2_is_false"":true,""can_proposition_2_be_true_while_proposition_1_is_false"":true,""evidence_based_explanation"":""The first two properties can vary independently; neither determines the other."",""multi_proposition_analysis"":""P1 width, P2 notation, and P3 capacity consequence can each be scored without accepting either remaining proposition."",""semantic_dependency"":null}","[{""proposition_text"":""IPv6 عرضه 128 bit."",""exact_source_excerpt"":""عنوان IPv6 بيتكون من 128 bit، وبيتكتب بصيغة سداسية عشرية Hexadecimal مفصولة بنقطتين رأسيتين، وبيوفر فضاء عناوين ضخم بيحل مشكلة النفاد."",""directly_source_supported"":true,""semantic_correspondence"":""The source gives 128 bit.""},{""proposition_text"":""IPv6 يكتب Hexadecimal مع فواصل colon."",""exact_source_excerpt"":""عنوان IPv6 بيتكون من 128 bit، وبيتكتب بصيغة سداسية عشرية Hexadecimal مفصولة بنقطتين رأسيتين، وبيوفر فضاء عناوين ضخم بيحل مشكلة النفاد."",""directly_source_supported"":true,""semantic_correspondence"":""The source gives hexadecimal and colon separators.""},{""proposition_text"":""IPv6 يعالج نفاد العناوين بفضاء كبير."",""exact_source_excerpt"":""عنوان IPv6 بيتكون من 128 bit، وبيتكتب بصيغة سداسية عشرية Hexadecimal مفصولة بنقطتين رأسيتين، وبيوفر فضاء عناوين ضخم بيحل مشكلة النفاد."",""directly_source_supported"":true,""semantic_correspondence"":""The source states the large-space consequence.""}]","[""عنوان IPv6 بيتكون من 128 bit، وبيتكتب بصيغة سداسية عشرية Hexadecimal مفصولة بنقطتين رأسيتين، وبيوفر فضاء عناوين ضخم بيحل مشكلة النفاد."",""عنوان IPv6 بيتكون من 128 bit، وبيتكتب بصيغة سداسية عشرية Hexadecimal مفصولة بنقطتين رأسيتين، وبيوفر فضاء عناوين ضخم بيحل مشكلة النفاد."",""عنوان IPv6 بيتكون من 128 bit، وبيتكتب بصيغة سداسية عشرية Hexadecimal مفصولة بنقطتين رأسيتين، وبيوفر فضاء عناوين ضخم بيحل مشكلة النفاد.""]",NON_ATOMIC_REPAIR_REQUIRED,Three IPv6 attributes require three independent checks.,"{""can_proposition_1_be_true_while_proposition_2_is_false"":true,""can_proposition_2_be_true_while_proposition_1_is_false"":true,""evidence_based_explanation"":""Correct width does not imply correct notation, and correct notation does not imply correct width."",""multi_proposition_analysis"":""P1 width, P2 notation, and P3 address-space effect each has an independent truth condition."",""semantic_dependency"":null}",false,null,NON_ATOMIC_REPAIR_REQUIRED,"The separately authored passes agree. First-pass evidence: Width, notation, and address-space consequence are three separate IPv6 assertions. Verification evidence: Three IPv6 attributes require three independent checks.",false,false,false,false
GN-028:2,GN-028,2,results/pilot_llm_assisted_batch2_DRAFT_UNREVIEWED.md,الـ Shell هو البرنامج الذي يفسر الأوامر المكتوبة وينفذها، ومن أمثلته Bash.,"[{""proposition_text"":""الـ Shell برنامج يفسر الأوامر المكتوبة وينفذها، ومن أمثلته Bash."",""exact_source_excerpt"":""الـ Shell هو البرنامج اللي بيفسر الأوامر المكتوبة وينفذها، ومن أمثلته Bash وZsh."",""directly_source_supported"":true,""semantic_correspondence"":""The source states one definition and immediately supplies Bash as its example.""}]","[""الـ Shell هو البرنامج اللي بيفسر الأوامر المكتوبة وينفذها، ومن أمثلته Bash وZsh.""]",INTEGRATED_SINGLE_CLAIM_FALSE_POSITIVE,"Bash is an example inside one Shell definition, not an additional behavior needing a separate claim.","{""can_proposition_1_be_true_while_proposition_2_is_false"":false,""can_proposition_2_be_true_while_proposition_1_is_false"":false,""evidence_based_explanation"":""There is no second proposition after applying the rubric's example rule."",""multi_proposition_analysis"":null,""semantic_dependency"":""Splitting Bash from the definition would turn a clarifying example into an over-fragmented claim.""}","[{""proposition_text"":""Shell يفسر الأوامر وينفذها؛ Bash مثال عليه."",""exact_source_excerpt"":""الـ Shell هو البرنامج اللي بيفسر الأوامر المكتوبة وينفذها، ومن أمثلته Bash وZsh."",""directly_source_supported"":true,""semantic_correspondence"":""The source explicitly marks Bash as an example of the defined program.""}]","[""الـ Shell هو البرنامج اللي بيفسر الأوامر المكتوبة وينفذها، ومن أمثلته Bash وZsh.""]",INTEGRATED_SINGLE_CLAIM_FALSE_POSITIVE,The example does not create another independently judgeable behavior under the rubric.,"{""can_proposition_1_be_true_while_proposition_2_is_false"":false,""can_proposition_2_be_true_while_proposition_1_is_false"":false,""evidence_based_explanation"":""Only the Shell definition remains as a proposition; Bash is evidence by example."",""multi_proposition_analysis"":null,""semantic_dependency"":""A standalone Bash-example claim would be needless fragmentation.""}",false,null,INTEGRATED_SINGLE_CLAIM_FALSE_POSITIVE,"The separately authored passes agree. First-pass evidence: Bash is an example inside one Shell definition, not an additional behavior needing a separate claim. Verification evidence: The example does not create another independently judgeable behavior under the rubric.",false,false,false,false
GN-046:1,GN-046,1,results/pilot_llm_assisted_batch2_DRAFT_UNREVIEWED.md,الترميز (Encoding) نظام لتمثيل المحارف كأرقام يفهمها الحاسوب ويخزنها كبتات.,"[{""proposition_text"":""الترميز نظام يمثل المحارف كأرقام يفهمها الحاسوب ويخزنها كبتات."",""exact_source_excerpt"":""الترميز Encoding نظام لتمثيل المحارف كأرقام يفهمها الحاسوب ويخزنها كبتات."",""directly_source_supported"":true,""semantic_correspondence"":""The source expresses numeric representation and bit storage as one encoding mechanism.""}]","[""الترميز Encoding نظام لتمثيل المحارف كأرقام يفهمها الحاسوب ويخزنها كبتات.""]",INTEGRATED_SINGLE_CLAIM_FALSE_POSITIVE,Representation as numbers and storage as bits are successive parts of the same encoding definition.,"{""can_proposition_1_be_true_while_proposition_2_is_false"":false,""can_proposition_2_be_true_while_proposition_1_is_false"":false,""evidence_based_explanation"":""The source gives one mechanism; it does not present storage as a separate effect."",""multi_proposition_analysis"":null,""semantic_dependency"":""Isolating bit storage would fragment how the same encoded representation is held by the computer.""}","[{""proposition_text"":""Encoding يحول المحارف إلى أرقام قابلة للفهم والتخزين كبتات."",""exact_source_excerpt"":""الترميز Encoding نظام لتمثيل المحارف كأرقام يفهمها الحاسوب ويخزنها كبتات."",""directly_source_supported"":true,""semantic_correspondence"":""The source gives one computer representation-and-storage mechanism.""}]","[""الترميز Encoding نظام لتمثيل المحارف كأرقام يفهمها الحاسوب ويخزنها كبتات.""]",INTEGRATED_SINGLE_CLAIM_FALSE_POSITIVE,"The bit form is how the same numeric character representation is stored, not a second effect.","{""can_proposition_1_be_true_while_proposition_2_is_false"":false,""can_proposition_2_be_true_while_proposition_1_is_false"":false,""evidence_based_explanation"":""The review identifies one encoding mechanism with no independent proposition 2."",""multi_proposition_analysis"":null,""semantic_dependency"":""Dividing number representation from its bit storage would fragment the source's mechanism definition.""}",false,null,INTEGRATED_SINGLE_CLAIM_FALSE_POSITIVE,"The separately authored passes agree. First-pass evidence: Representation as numbers and storage as bits are successive parts of the same encoding definition. Verification evidence: The bit form is how the same numeric character representation is stored, not a second effect.",false,false,false,false
DA-038:4,DA-038,4,results/pilot_llm_assisted_batch3_DRAFT_UNREVIEWED.md,يوحد فهم البيانات بين أعضاء الفريق ويقلل الالتباس حول معاني الأعمدة والاختصارات.,"[{""proposition_text"":""قاموس البيانات يوحد فهم البيانات بين أعضاء الفريق."",""exact_source_excerpt"":""بيوحد فهم البيانات بين أعضاء الفريق ويقلل الالتباس حول معاني الأعمدة والاختصارات."",""directly_source_supported"":true,""semantic_correspondence"":""The first clause directly states shared understanding.""},{""proposition_text"":""قاموس البيانات يقلل الالتباس حول معاني الأعمدة والاختصارات."",""exact_source_excerpt"":""بيوحد فهم البيانات بين أعضاء الفريق ويقلل الالتباس حول معاني الأعمدة والاختصارات."",""directly_source_supported"":true,""semantic_correspondence"":""The second clause directly states reduced ambiguity.""}]","[""بيوحد فهم البيانات بين أعضاء الفريق ويقلل الالتباس حول معاني الأعمدة والاختصارات."",""بيوحد فهم البيانات بين أعضاء الفريق ويقلل الالتباس حول معاني الأعمدة والاختصارات.""]",NON_ATOMIC_REPAIR_REQUIRED,Shared understanding and reduced ambiguity are different organizational effects.,"{""can_proposition_1_be_true_while_proposition_2_is_false"":true,""can_proposition_2_be_true_while_proposition_1_is_false"":true,""evidence_based_explanation"":""A team can share a general understanding while ambiguity remains, or ambiguity can fall without fully unifying understanding."",""multi_proposition_analysis"":null,""semantic_dependency"":null}","[{""proposition_text"":""Data Dictionary يجعل أعضاء الفريق يفهمون البيانات بصورة موحدة."",""exact_source_excerpt"":""بيوحد فهم البيانات بين أعضاء الفريق ويقلل الالتباس حول معاني الأعمدة والاختصارات."",""directly_source_supported"":true,""semantic_correspondence"":""The first source predicate states unified understanding.""},{""proposition_text"":""Data Dictionary يزيل بعض غموض الأعمدة والاختصارات."",""exact_source_excerpt"":""بيوحد فهم البيانات بين أعضاء الفريق ويقلل الالتباس حول معاني الأعمدة والاختصارات."",""directly_source_supported"":true,""semantic_correspondence"":""The second predicate states reduced ambiguity.""}]","[""بيوحد فهم البيانات بين أعضاء الفريق ويقلل الالتباس حول معاني الأعمدة والاختصارات."",""بيوحد فهم البيانات بين أعضاء الفريق ويقلل الالتباس حول معاني الأعمدة والاختصارات.""]",NON_ATOMIC_REPAIR_REQUIRED,The effects are related but separately testable: consensus and ambiguity are not identical.,"{""can_proposition_1_be_true_while_proposition_2_is_false"":true,""can_proposition_2_be_true_while_proposition_1_is_false"":true,""evidence_based_explanation"":""A shared interpretation can still contain ambiguous fields, and explicit fields can reduce ambiguity without full team consensus."",""multi_proposition_analysis"":null,""semantic_dependency"":null}",false,null,NON_ATOMIC_REPAIR_REQUIRED,The separately authored passes agree. First-pass evidence: Shared understanding and reduced ambiguity are different organizational effects. Verification evidence: The effects are related but separately testable: consensus and ambiguity are not identical.,false,false,false,false
DA-038:5,DA-038,5,results/pilot_llm_assisted_batch3_DRAFT_UNREVIEWED.md,يسرع إدماج الأعضاء الجدد ويقلل اعتمادهم على المعرفة الضمنية لدى الأفراد.,"[{""proposition_text"":""قاموس البيانات يسرع إدماج الأعضاء الجدد."",""exact_source_excerpt"":""وبيسرع إدماج الأعضاء الجدد ويقلل اعتمادهم على المعرفة الضمنية عند الأفراد."",""directly_source_supported"":true,""semantic_correspondence"":""The source explicitly states faster onboarding.""},{""proposition_text"":""قاموس البيانات يقلل اعتماد الأعضاء الجدد على المعرفة الضمنية لدى الأفراد."",""exact_source_excerpt"":""وبيسرع إدماج الأعضاء الجدد ويقلل اعتمادهم على المعرفة الضمنية عند الأفراد."",""directly_source_supported"":true,""semantic_correspondence"":""The source explicitly states reduced tacit-knowledge dependence.""}]","[""وبيسرع إدماج الأعضاء الجدد ويقلل اعتمادهم على المعرفة الضمنية عند الأفراد."",""وبيسرع إدماج الأعضاء الجدد ويقلل اعتمادهم على المعرفة الضمنية عند الأفراد.""]",NON_ATOMIC_REPAIR_REQUIRED,Onboarding speed and reliance on tacit knowledge are separate outcomes.,"{""can_proposition_1_be_true_while_proposition_2_is_false"":true,""can_proposition_2_be_true_while_proposition_1_is_false"":true,""evidence_based_explanation"":""Either outcome can improve without establishing the other."",""multi_proposition_analysis"":null,""semantic_dependency"":null}","[{""proposition_text"":""Data Dictionary يختصر وقت تأهيل عضو الفريق الجديد."",""exact_source_excerpt"":""وبيسرع إدماج الأعضاء الجدد ويقلل اعتمادهم على المعرفة الضمنية عند الأفراد."",""directly_source_supported"":true,""semantic_correspondence"":""يسرع إدماج supplies the onboarding effect.""},{""proposition_text"":""Data Dictionary يقلل اعتماد الجدد على معرفة الأفراد غير الموثقة."",""exact_source_excerpt"":""وبيسرع إدماج الأعضاء الجدد ويقلل اعتمادهم على المعرفة الضمنية عند الأفراد."",""directly_source_supported"":true,""semantic_correspondence"":""The second source predicate supplies the dependency effect.""}]","[""وبيسرع إدماج الأعضاء الجدد ويقلل اعتمادهم على المعرفة الضمنية عند الأفراد."",""وبيسرع إدماج الأعضاء الجدد ويقلل اعتمادهم على المعرفة الضمنية عند الأفراد.""]",NON_ATOMIC_REPAIR_REQUIRED,Time-to-onboard and dependence on tacit knowledge can be measured independently.,"{""can_proposition_1_be_true_while_proposition_2_is_false"":true,""can_proposition_2_be_true_while_proposition_1_is_false"":true,""evidence_based_explanation"":""One can improve while the other remains unchanged."",""multi_proposition_analysis"":null,""semantic_dependency"":null}",false,null,NON_ATOMIC_REPAIR_REQUIRED,The separately authored passes agree. First-pass evidence: Onboarding speed and reliance on tacit knowledge are separate outcomes. Verification evidence: Time-to-onboard and dependence on tacit knowledge can be measured independently.,false,false,false,false
DA-049:5,DA-049,5,results/pilot_llm_assisted_batch3_DRAFT_UNREVIEWED.md,مخطط ندفة الثلج يوفر مساحة ويقلل التكرار مقابل استعلامات أعقد بربط جداول أكثر.,"[{""proposition_text"":""مخطط ندفة الثلج يوفر مساحة."",""exact_source_excerpt"":""مخطط ندفة الثلج بيوفر مساحة ويقلل التكرار، مقابل استعلامات أعقد بربط جداول أكتر."",""directly_source_supported"":true,""semantic_correspondence"":""The source explicitly states the storage benefit.""},{""proposition_text"":""مخطط ندفة الثلج يقلل التكرار."",""exact_source_excerpt"":""مخطط ندفة الثلج بيوفر مساحة ويقلل التكرار، مقابل استعلامات أعقد بربط جداول أكتر."",""directly_source_supported"":true,""semantic_correspondence"":""The source explicitly states repetition reduction.""},{""proposition_text"":""مخطط ندفة الثلج يؤدي إلى استعلامات أعقد بسبب ربط جداول أكثر."",""exact_source_excerpt"":""مخطط ندفة الثلج بيوفر مساحة ويقلل التكرار، مقابل استعلامات أعقد بربط جداول أكتر."",""directly_source_supported"":true,""semantic_correspondence"":""The source explicitly states the query-complexity cost.""}]","[""مخطط ندفة الثلج بيوفر مساحة ويقلل التكرار، مقابل استعلامات أعقد بربط جداول أكتر."",""مخطط ندفة الثلج بيوفر مساحة ويقلل التكرار، مقابل استعلامات أعقد بربط جداول أكتر."",""مخطط ندفة الثلج بيوفر مساحة ويقلل التكرار، مقابل استعلامات أعقد بربط جداول أكتر.""]",NON_ATOMIC_REPAIR_REQUIRED,The claim combines two benefits and one independent query cost.,"{""can_proposition_1_be_true_while_proposition_2_is_false"":true,""can_proposition_2_be_true_while_proposition_1_is_false"":true,""evidence_based_explanation"":""Space saving and repetition reduction are separately testable."",""multi_proposition_analysis"":""P1 space, P2 repetition, and P3 query complexity are distinct trade-off dimensions and each can be scored independently."",""semantic_dependency"":null}","[{""proposition_text"":""Snowflake Schema يقلل مساحة التخزين."",""exact_source_excerpt"":""مخطط ندفة الثلج بيوفر مساحة ويقلل التكرار، مقابل استعلامات أعقد بربط جداول أكتر."",""directly_source_supported"":true,""semantic_correspondence"":""بيوفر مساحة supports the storage assertion.""},{""proposition_text"":""Snowflake Schema يخفض تكرار البيانات."",""exact_source_excerpt"":""مخطط ندفة الثلج بيوفر مساحة ويقلل التكرار، مقابل استعلامات أعقد بربط جداول أكتر."",""directly_source_supported"":true,""semantic_correspondence"":""يقلل التكرار supports redundancy reduction.""},{""proposition_text"":""Snowflake Schema يعقد الاستعلام بسبب زيادة joins."",""exact_source_excerpt"":""مخطط ندفة الثلج بيوفر مساحة ويقلل التكرار، مقابل استعلامات أعقد بربط جداول أكتر."",""directly_source_supported"":true,""semantic_correspondence"":""استعلامات أعقد بربط جداول أكتر states the cost.""}]","[""مخطط ندفة الثلج بيوفر مساحة ويقلل التكرار، مقابل استعلامات أعقد بربط جداول أكتر."",""مخطط ندفة الثلج بيوفر مساحة ويقلل التكرار، مقابل استعلامات أعقد بربط جداول أكتر."",""مخطط ندفة الثلج بيوفر مساحة ويقلل التكرار، مقابل استعلامات أعقد بربط جداول أكتر.""]",NON_ATOMIC_REPAIR_REQUIRED,The trade-off contains two benefits and one cost that can differ independently.,"{""can_proposition_1_be_true_while_proposition_2_is_false"":true,""can_proposition_2_be_true_while_proposition_1_is_false"":true,""evidence_based_explanation"":""Space use and redundancy are not the same metric."",""multi_proposition_analysis"":""P1 storage, P2 redundancy, and P3 query complexity each remain meaningful if the other two are rejected."",""semantic_dependency"":null}",false,null,NON_ATOMIC_REPAIR_REQUIRED,The separately authored passes agree. First-pass evidence: The claim combines two benefits and one independent query cost. Verification evidence: The trade-off contains two benefits and one cost that can differ independently.,true,false,false,false
CS-010:1,CS-010,1,results/pilot_llm_assisted_batch3_DRAFT_UNREVIEWED.md,SSL/TLS بروتوكول أمني يشفر الاتصال بين العميل والخادم ويضمن سريته وسلامته، وTLS هو الخليفة الحديث لبروتوكول SSL المهجور.,"[{""proposition_text"":""SSL/TLS يشفر الاتصال بين العميل والخادم ويضمن سريته وسلامته."",""exact_source_excerpt"":""SSL/TLS بروتوكول أمني بيشفر الاتصال بين العميل والخادم، وبيضمن سريته وسلامته، وTLS هو الخليفة الحديث لبروتوكول SSL المهجور."",""directly_source_supported"":true,""semantic_correspondence"":""The source explicitly states the connection-security behavior.""},{""proposition_text"":""TLS هو الخليفة الحديث لبروتوكول SSL المهجور."",""exact_source_excerpt"":""SSL/TLS بروتوكول أمني بيشفر الاتصال بين العميل والخادم، وبيضمن سريته وسلامته، وTLS هو الخليفة الحديث لبروتوكول SSL المهجور."",""directly_source_supported"":true,""semantic_correspondence"":""The source separately states the protocol-history relationship.""}]","[""SSL/TLS بروتوكول أمني بيشفر الاتصال بين العميل والخادم، وبيضمن سريته وسلامته، وTLS هو الخليفة الحديث لبروتوكول SSL المهجور."",""SSL/TLS بروتوكول أمني بيشفر الاتصال بين العميل والخادم، وبيضمن سريته وسلامته، وTLS هو الخليفة الحديث لبروتوكول SSL المهجور.""]",NON_ATOMIC_REPAIR_REQUIRED,Security behavior and protocol history are unrelated scoring dimensions.,"{""can_proposition_1_be_true_while_proposition_2_is_false"":true,""can_proposition_2_be_true_while_proposition_1_is_false"":true,""evidence_based_explanation"":""The encryption properties can be right while the historical relationship is wrong, and conversely."",""multi_proposition_analysis"":null,""semantic_dependency"":null}","[{""proposition_text"":""SSL/TLS يؤمن سرية الاتصال وسلامته بالتشفير."",""exact_source_excerpt"":""SSL/TLS بروتوكول أمني بيشفر الاتصال بين العميل والخادم، وبيضمن سريته وسلامته، وTLS هو الخليفة الحديث لبروتوكول SSL المهجور."",""directly_source_supported"":true,""semantic_correspondence"":""The security behavior is stated in the first part.""},{""proposition_text"":""TLS خلف SSL وأحدث منه."",""exact_source_excerpt"":""SSL/TLS بروتوكول أمني بيشفر الاتصال بين العميل والخادم، وبيضمن سريته وسلامته، وTLS هو الخليفة الحديث لبروتوكول SSL المهجور."",""directly_source_supported"":true,""semantic_correspondence"":""The successor relation is stated in the final part.""}]","[""SSL/TLS بروتوكول أمني بيشفر الاتصال بين العميل والخادم، وبيضمن سريته وسلامته، وTLS هو الخليفة الحديث لبروتوكول SSL المهجور."",""SSL/TLS بروتوكول أمني بيشفر الاتصال بين العميل والخادم، وبيضمن سريته وسلامته، وTLS هو الخليفة الحديث لبروتوكول SSL المهجور.""]",NON_ATOMIC_REPAIR_REQUIRED,Protocol function and protocol lineage do not share a truth condition.,"{""can_proposition_1_be_true_while_proposition_2_is_false"":true,""can_proposition_2_be_true_while_proposition_1_is_false"":true,""evidence_based_explanation"":""Either can be accurate while the other is inaccurate."",""multi_proposition_analysis"":null,""semantic_dependency"":null}",false,null,NON_ATOMIC_REPAIR_REQUIRED,The separately authored passes agree. First-pass evidence: Security behavior and protocol history are unrelated scoring dimensions. Verification evidence: Protocol function and protocol lineage do not share a truth condition.,false,false,false,false
CS-049:4,CS-049,4,results/pilot_llm_assisted_batch3_DRAFT_UNREVIEWED.md,ينتج الفحص قائمة ثغرات محتملة قد تحوي إنذارات كاذبة، بينما يؤكد الاختبار الثغرات الحقيقية ويقيس أثرها العملي.,"[{""proposition_text"":""فحص الثغرات ينتج قائمة ثغرات محتملة قد تحوي إنذارات كاذبة."",""exact_source_excerpt"":""الفحص بينتج قائمة ثغرات محتملة، ممكن تحوي إنذارات كاذبة، بينما الاختبار بيأكد الثغرات الحقيقية ويقيس أثرها العملي."",""directly_source_supported"":true,""semantic_correspondence"":""The scanner clause explicitly preserves possibility of false alerts.""},{""proposition_text"":""اختبار الاختراق يؤكد الثغرات الحقيقية."",""exact_source_excerpt"":""الفحص بينتج قائمة ثغرات محتملة، ممكن تحوي إنذارات كاذبة، بينما الاختبار بيأكد الثغرات الحقيقية ويقيس أثرها العملي."",""directly_source_supported"":true,""semantic_correspondence"":""The source states confirmation of real vulnerabilities.""},{""proposition_text"":""اختبار الاختراق يقيس الأثر العملي للثغرات."",""exact_source_excerpt"":""الفحص بينتج قائمة ثغرات محتملة، ممكن تحوي إنذارات كاذبة، بينما الاختبار بيأكد الثغرات الحقيقية ويقيس أثرها العملي."",""directly_source_supported"":true,""semantic_correspondence"":""The source states practical impact measurement.""}]","[""الفحص بينتج قائمة ثغرات محتملة، ممكن تحوي إنذارات كاذبة، بينما الاختبار بيأكد الثغرات الحقيقية ويقيس أثرها العملي."",""الفحص بينتج قائمة ثغرات محتملة، ممكن تحوي إنذارات كاذبة، بينما الاختبار بيأكد الثغرات الحقيقية ويقيس أثرها العملي."",""الفحص بينتج قائمة ثغرات محتملة، ممكن تحوي إنذارات كاذبة، بينما الاختبار بيأكد الثغرات الحقيقية ويقيس أثرها العملي.""]",NON_ATOMIC_REPAIR_REQUIRED,"Scanner uncertainty, vulnerability confirmation, and impact measurement are separate behaviors.","{""can_proposition_1_be_true_while_proposition_2_is_false"":true,""can_proposition_2_be_true_while_proposition_1_is_false"":true,""evidence_based_explanation"":""Scanner output can be characterized independently of penetration-test confirmation."",""multi_proposition_analysis"":""P1 scanner output, P2 confirmation, and P3 impact measurement are three independently scoreable tool behaviors; ممكن remains only in P1."",""semantic_dependency"":null}","[{""proposition_text"":""Vulnerability Scanning ينتج احتمالات ثغرات قد تشمل false positives."",""exact_source_excerpt"":""الفحص بينتج قائمة ثغرات محتملة، ممكن تحوي إنذارات كاذبة، بينما الاختبار بيأكد الثغرات الحقيقية ويقيس أثرها العملي."",""directly_source_supported"":true,""semantic_correspondence"":""The source contains both potentiality and possible false alerts.""},{""proposition_text"":""Penetration Testing يتحقق من الثغرات الحقيقية."",""exact_source_excerpt"":""الفحص بينتج قائمة ثغرات محتملة، ممكن تحوي إنذارات كاذبة، بينما الاختبار بيأكد الثغرات الحقيقية ويقيس أثرها العملي."",""directly_source_supported"":true,""semantic_correspondence"":""The test confirmation is directly stated.""},{""proposition_text"":""Penetration Testing يقدر أثر الثغرات في الواقع العملي."",""exact_source_excerpt"":""الفحص بينتج قائمة ثغرات محتملة، ممكن تحوي إنذارات كاذبة، بينما الاختبار بيأكد الثغرات الحقيقية ويقيس أثرها العملي."",""directly_source_supported"":true,""semantic_correspondence"":""The practical impact measurement is directly stated.""}]","[""الفحص بينتج قائمة ثغرات محتملة، ممكن تحوي إنذارات كاذبة، بينما الاختبار بيأكد الثغرات الحقيقية ويقيس أثرها العملي."",""الفحص بينتج قائمة ثغرات محتملة، ممكن تحوي إنذارات كاذبة، بينما الاختبار بيأكد الثغرات الحقيقية ويقيس أثرها العملي."",""الفحص بينتج قائمة ثغرات محتملة، ممكن تحوي إنذارات كاذبة، بينما الاختبار بيأكد الثغرات الحقيقية ويقيس أثرها العملي.""]",NON_ATOMIC_REPAIR_REQUIRED,The two tools and the test's two functions create three separate scoring targets.,"{""can_proposition_1_be_true_while_proposition_2_is_false"":true,""can_proposition_2_be_true_while_proposition_1_is_false"":true,""evidence_based_explanation"":""Scanner uncertainty is independent of whether testing confirms vulnerabilities."",""multi_proposition_analysis"":""P1 scanning, P2 validation, and P3 impact measurement are independent; uncertainty remains attached to P1."",""semantic_dependency"":null}",false,null,NON_ATOMIC_REPAIR_REQUIRED,"The separately authored passes agree. First-pass evidence: Scanner uncertainty, vulnerability confirmation, and impact measurement are separate behaviors. Verification evidence: The two tools and the test's two functions create three separate scoring targets.",true,false,false,false
SE-035:1,SE-035,1,results/pilot_llm_assisted_batch3_DRAFT_UNREVIEWED.md,الجدول التجزيئي (Hash Table) هيكل يخزن أزواج مفتاح وقيمة ويتيح وصولًا سريعًا عبر دالة تجزئة (Hash Function).,"[{""proposition_text"":""الجدول التجزيئي يخزن أزواج مفتاح وقيمة."",""exact_source_excerpt"":""الجدول التجزيئي Hash Table هيكل بيخزن أزواج مفتاح وقيمة، وبيتيح وصول سريع عن طريق دالة تجزئة Hash Function."",""directly_source_supported"":true,""semantic_correspondence"":""The source directly states the stored structure.""},{""proposition_text"":""الجدول التجزيئي يتيح وصولًا سريعًا عبر دالة تجزئة."",""exact_source_excerpt"":""الجدول التجزيئي Hash Table هيكل بيخزن أزواج مفتاح وقيمة، وبيتيح وصول سريع عن طريق دالة تجزئة Hash Function."",""directly_source_supported"":true,""semantic_correspondence"":""The source directly states the access property and mechanism.""}]","[""الجدول التجزيئي Hash Table هيكل بيخزن أزواج مفتاح وقيمة، وبيتيح وصول سريع عن طريق دالة تجزئة Hash Function."",""الجدول التجزيئي Hash Table هيكل بيخزن أزواج مفتاح وقيمة، وبيتيح وصول سريع عن طريق دالة تجزئة Hash Function.""]",NON_ATOMIC_REPAIR_REQUIRED,"Storage form and fast hash-based access are two properties, not a term plus a mere parenthetical definition.","{""can_proposition_1_be_true_while_proposition_2_is_false"":true,""can_proposition_2_be_true_while_proposition_1_is_false"":true,""evidence_based_explanation"":""Key-value storage can hold while the claimed speed fails, and hash-based fast access can be evaluated without relying on the storage wording."",""multi_proposition_analysis"":null,""semantic_dependency"":null}","[{""proposition_text"":""Hash Table هو بنية أزواج key/value تتيح وصولًا سريعًا بواسطة Hash Function."",""exact_source_excerpt"":""الجدول التجزيئي Hash Table هيكل بيخزن أزواج مفتاح وقيمة، وبيتيح وصول سريع عن طريق دالة تجزئة Hash Function."",""directly_source_supported"":true,""semantic_correspondence"":""The source describes structure and hash access in one sentence defining the named table.""}]","[""الجدول التجزيئي Hash Table هيكل بيخزن أزواج مفتاح وقيمة، وبيتيح وصول سريع عن طريق دالة تجزئة Hash Function.""]",INTEGRATED_SINGLE_CLAIM_FALSE_POSITIVE,The reverse pass reads hash-based access as the intrinsic mechanism completing the Hash Table definition.,"{""can_proposition_1_be_true_while_proposition_2_is_false"":false,""can_proposition_2_be_true_while_proposition_1_is_false"":false,""evidence_based_explanation"":""On this reading there is one structure-and-mechanism proposition rather than a separable performance effect."",""multi_proposition_analysis"":null,""semantic_dependency"":""Splitting would detach the defining access mechanism from the named data structure.""}",true,"{""candidate_key"":""SE-035:1"",""first_classification"":""NON_ATOMIC_REPAIR_REQUIRED"",""verification_classification"":""INTEGRATED_SINGLE_CLAIM_FALSE_POSITIVE"",""exact_disputed_propositions"":[""الجدول التجزيئي يخزن أزواج مفتاح وقيمة."",""الجدول التجزيئي يتيح وصولًا سريعًا عبر دالة تجزئة.""],""exact_source_excerpts"":[""الجدول التجزيئي Hash Table هيكل بيخزن أزواج مفتاح وقيمة، وبيتيح وصول سريع عن طريق دالة تجزئة Hash Function.""],""independent_judgability_analysis"":{""can_proposition_1_be_true_while_proposition_2_is_false"":true,""can_proposition_2_be_true_while_proposition_1_is_false"":true,""evidence_based_explanation"":""The storage assertion and the speed/mechanism assertion have different truth conditions. Key-value storage can be accepted while the speed claim is rejected; hash-based access can be evaluated even if the exact storage characterization is disputed.""},""final_classification"":""NON_ATOMIC_REPAIR_REQUIRED"",""final_rationale"":""Fast access is an additional performance/mechanism assertion, not merely a parenthetical example required to understand key-value storage.""}",NON_ATOMIC_REPAIR_REQUIRED,"Fast access is an additional performance/mechanism assertion, not merely a parenthetical example required to understand key-value storage.",false,false,false,false
GN-002:1,GN-002,1,results/pilot_llm_assisted_batch3_DRAFT_UNREVIEWED.md,نظام التشغيل (Operating System) هو البرنامج الوسيط الذي يدير موارد الحاسوب المادية ويتيح للتطبيقات والمستخدمين التعامل معها.,"[{""proposition_text"":""نظام التشغيل يدير موارد الحاسوب المادية."",""exact_source_excerpt"":""نظام التشغيل Operating System هو البرنامج الوسيط اللي بيدير موارد الحاسوب المادية، وبيتيح للتطبيقات والمستخدمين التعامل معاها."",""directly_source_supported"":true,""semantic_correspondence"":""The source directly states resource management.""},{""proposition_text"":""نظام التشغيل يتيح للتطبيقات والمستخدمين التعامل مع موارد الحاسوب."",""exact_source_excerpt"":""نظام التشغيل Operating System هو البرنامج الوسيط اللي بيدير موارد الحاسوب المادية، وبيتيح للتطبيقات والمستخدمين التعامل معاها."",""directly_source_supported"":true,""semantic_correspondence"":""The source directly states mediated interaction with those resources.""}]","[""نظام التشغيل Operating System هو البرنامج الوسيط اللي بيدير موارد الحاسوب المادية، وبيتيح للتطبيقات والمستخدمين التعامل معاها."",""نظام التشغيل Operating System هو البرنامج الوسيط اللي بيدير موارد الحاسوب المادية، وبيتيح للتطبيقات والمستخدمين التعامل معاها.""]",NON_ATOMIC_REPAIR_REQUIRED,Managing resources and exposing them to applications and users are distinguishable operating-system roles.,"{""can_proposition_1_be_true_while_proposition_2_is_false"":true,""can_proposition_2_be_true_while_proposition_1_is_false"":true,""evidence_based_explanation"":""Resource management can be correctly described while the interaction role is rejected, and an interface role can be assessed without accepting the management assertion."",""multi_proposition_analysis"":null,""semantic_dependency"":null}","[{""proposition_text"":""Operating System يتولى إدارة موارد الجهاز."",""exact_source_excerpt"":""نظام التشغيل Operating System هو البرنامج الوسيط اللي بيدير موارد الحاسوب المادية، وبيتيح للتطبيقات والمستخدمين التعامل معاها."",""directly_source_supported"":true,""semantic_correspondence"":""The first predicate explicitly names resource management.""},{""proposition_text"":""Operating System يوفر للتطبيقات والمستخدمين وسيلة للتعامل مع موارد الجهاز."",""exact_source_excerpt"":""نظام التشغيل Operating System هو البرنامج الوسيط اللي بيدير موارد الحاسوب المادية، وبيتيح للتطبيقات والمستخدمين التعامل معاها."",""directly_source_supported"":true,""semantic_correspondence"":""The second predicate explicitly names access to those resources.""}]","[""نظام التشغيل Operating System هو البرنامج الوسيط اللي بيدير موارد الحاسوب المادية، وبيتيح للتطبيقات والمستخدمين التعامل معاها."",""نظام التشغيل Operating System هو البرنامج الوسيط اللي بيدير موارد الحاسوب المادية، وبيتيح للتطبيقات والمستخدمين التعامل معاها.""]",NON_ATOMIC_REPAIR_REQUIRED,The shared resource referent does not prevent separate scoring of management and exposure roles.,"{""can_proposition_1_be_true_while_proposition_2_is_false"":true,""can_proposition_2_be_true_while_proposition_1_is_false"":true,""evidence_based_explanation"":""A system component may manage resources without exposing a user/application interface, while an intermediary may expose resources whose management is elsewhere."",""multi_proposition_analysis"":null,""semantic_dependency"":null}",false,null,NON_ATOMIC_REPAIR_REQUIRED,The separately authored passes agree. First-pass evidence: Managing resources and exposing them to applications and users are distinguishable operating-system roles. Verification evidence: The shared resource referent does not prevent separate scoring of management and exposure roles.,false,false,false,false
GN-002:3,GN-002,3,results/pilot_llm_assisted_batch3_DRAFT_UNREVIEWED.md,يدير نظام التشغيل الذاكرة (Memory Management) بتخصيصها للعمليات وتحريرها، ويستخدم تقنيات مثل الذاكرة الافتراضية (Virtual Memory).,"[{""proposition_text"":""إدارة نظام التشغيل للذاكرة تشمل تخصيصها للعمليات وتحريرها، وتستخدم تقنيات مثل الذاكرة الافتراضية."",""exact_source_excerpt"":""بيدير نظام التشغيل الذاكرة Memory Management بتخصيصها للعمليات وتحريرها، وبيستخدم تقنيات زي الذاكرة الافتراضية Virtual Memory."",""directly_source_supported"":true,""semantic_correspondence"":""The operations and virtual-memory example are stated as one explanation of memory management.""}]","[""بيدير نظام التشغيل الذاكرة Memory Management بتخصيصها للعمليات وتحريرها، وبيستخدم تقنيات زي الذاكرة الافتراضية Virtual Memory.""]",INTEGRATED_SINGLE_CLAIM_FALSE_POSITIVE,Virtual memory is an example within the single memory-management function rather than an independent claim target.,"{""can_proposition_1_be_true_while_proposition_2_is_false"":false,""can_proposition_2_be_true_while_proposition_1_is_false"":false,""evidence_based_explanation"":""After applying the example rule, only one memory-management proposition remains."",""multi_proposition_analysis"":null,""semantic_dependency"":""Splitting the implementation example would over-fragment the definition of the same function.""}","[{""proposition_text"":""Memory Management تخصص الذاكرة وتحررها وقد تستخدم Virtual Memory."",""exact_source_excerpt"":""بيدير نظام التشغيل الذاكرة Memory Management بتخصيصها للعمليات وتحريرها، وبيستخدم تقنيات زي الذاكرة الافتراضية Virtual Memory."",""directly_source_supported"":true,""semantic_correspondence"":""The source presents Virtual Memory with زي as an example inside the same function.""}]","[""بيدير نظام التشغيل الذاكرة Memory Management بتخصيصها للعمليات وتحريرها، وبيستخدم تقنيات زي الذاكرة الافتراضية Virtual Memory.""]",INTEGRATED_SINGLE_CLAIM_FALSE_POSITIVE,The virtual-memory phrase is an example of techniques within the stated allocation/release function.,"{""can_proposition_1_be_true_while_proposition_2_is_false"":false,""can_proposition_2_be_true_while_proposition_1_is_false"":false,""evidence_based_explanation"":""Applying the example rule leaves one memory-management proposition."",""multi_proposition_analysis"":null,""semantic_dependency"":""Separating the example would fragment a single function-and-technique explanation.""}",false,null,INTEGRATED_SINGLE_CLAIM_FALSE_POSITIVE,The separately authored passes agree. First-pass evidence: Virtual memory is an example within the single memory-management function rather than an independent claim target. Verification evidence: The virtual-memory phrase is an example of techniques within the stated allocation/release function.,false,false,false,false
GN-038:3,GN-038,3,results/pilot_llm_assisted_batch3_DRAFT_UNREVIEWED.md,أي تعديل في كتلة يغير بصمتها فيكسر ارتباط كل الكتل اللاحقة ويكشف العبث فورًا.,"[{""proposition_text"":""تعديل كتلة يغير بصمتها فيكسر ارتباط الكتل اللاحقة ويكشف العبث."",""exact_source_excerpt"":""أي تعديل في كتلة بيغير بصمتها، فبيكسر ارتباط كل الكتل اللاحقة، وبيكشف العبث فورًا."",""directly_source_supported"":true,""semantic_correspondence"":""The source states a single ordered condition-and-consequence mechanism.""}]","[""أي تعديل في كتلة بيغير بصمتها، فبيكسر ارتباط كل الكتل اللاحقة، وبيكشف العبث فورًا.""]",INTEGRATED_SINGLE_CLAIM_FALSE_POSITIVE,"Hash change, broken linkage, and detection are causally scoped stages of one tamper-detection mechanism.","{""can_proposition_1_be_true_while_proposition_2_is_false"":false,""can_proposition_2_be_true_while_proposition_1_is_false"":false,""evidence_based_explanation"":""There is one mechanism proposition, not independent effects detached from the triggering modification."",""multi_proposition_analysis"":null,""semantic_dependency"":""Splitting the causal stages would remove the condition governing the later consequences.""}","[{""proposition_text"":""تغيير كتلة يبدل Hashها، فيقطع روابط ما بعدها ويظهر العبث."",""exact_source_excerpt"":""أي تعديل في كتلة بيغير بصمتها، فبيكسر ارتباط كل الكتل اللاحقة، وبيكشف العبث فورًا."",""directly_source_supported"":true,""semantic_correspondence"":""The source links modification, changed fingerprint, broken chain, and detection causally.""}]","[""أي تعديل في كتلة بيغير بصمتها، فبيكسر ارتباط كل الكتل اللاحقة، وبيكشف العبث فورًا.""]",INTEGRATED_SINGLE_CLAIM_FALSE_POSITIVE,Every later clause is a consequence scoped by the initial block modification.,"{""can_proposition_1_be_true_while_proposition_2_is_false"":false,""can_proposition_2_be_true_while_proposition_1_is_false"":false,""evidence_based_explanation"":""Treating the consequences as independent would discard their triggering condition."",""multi_proposition_analysis"":null,""semantic_dependency"":""The causal chain is the asserted mechanism; its stages are not free-standing claims here.""}",false,null,INTEGRATED_SINGLE_CLAIM_FALSE_POSITIVE,"The separately authored passes agree. First-pass evidence: Hash change, broken linkage, and detection are causally scoped stages of one tamper-detection mechanism. Verification evidence: Every later clause is a consequence scoped by the initial block modification.",false,true,false,false
DA-017:6,DA-017,6,results/pilot_llm_assisted_batch4_DRAFT_UNREVIEWED.md,SELF JOIN هو ربط الجدول بنفسه ويستخدم للعلاقات داخل الجدول الواحد مثل علاقة الموظف بمديره.,"[{""proposition_text"":""SELF JOIN يربط الجدول بنفسه ويستخدم لعلاقات داخل الجدول مثل علاقة الموظف بمديره."",""exact_source_excerpt"":""SELF JOIN هو ربط الجدول بنفسه، وبيستخدم للعلاقات جوه الجدول الواحد زي علاقة الموظف بمديره."",""directly_source_supported"":true,""semantic_correspondence"":""The source states the definition, use, and employee-manager example as one unit.""}]","[""SELF JOIN هو ربط الجدول بنفسه، وبيستخدم للعلاقات جوه الجدول الواحد زي علاقة الموظف بمديره.""]",INTEGRATED_SINGLE_CLAIM_FALSE_POSITIVE,The use and employee-manager illustration clarify the SELF JOIN definition rather than add a separate technical behavior.,"{""can_proposition_1_be_true_while_proposition_2_is_false"":false,""can_proposition_2_be_true_while_proposition_1_is_false"":false,""evidence_based_explanation"":""The example is not treated as proposition 2 under the rubric."",""multi_proposition_analysis"":null,""semantic_dependency"":""Separating the example would fragment one definition-and-example unit.""}","[{""proposition_text"":""SELF JOIN يربط الجدول بذاته لعلاقات داخلية مثل الموظف والمدير."",""exact_source_excerpt"":""SELF JOIN هو ربط الجدول بنفسه، وبيستخدم للعلاقات جوه الجدول الواحد زي علاقة الموظف بمديره."",""directly_source_supported"":true,""semantic_correspondence"":""The same source clause gives definition, use scope, and example.""}]","[""SELF JOIN هو ربط الجدول بنفسه، وبيستخدم للعلاقات جوه الجدول الواحد زي علاقة الموظف بمديره.""]",INTEGRATED_SINGLE_CLAIM_FALSE_POSITIVE,The employee-manager relation is a clarifying example of the within-table join definition.,"{""can_proposition_1_be_true_while_proposition_2_is_false"":false,""can_proposition_2_be_true_while_proposition_1_is_false"":false,""evidence_based_explanation"":""There is no independently asserted effect beyond the definition and its example."",""multi_proposition_analysis"":null,""semantic_dependency"":""Splitting the example would over-segment the single SELF JOIN explanation.""}",false,null,INTEGRATED_SINGLE_CLAIM_FALSE_POSITIVE,The separately authored passes agree. First-pass evidence: The use and employee-manager illustration clarify the SELF JOIN definition rather than add a separate technical behavior. Verification evidence: The employee-manager relation is a clarifying example of the within-table join definition.,false,false,false,false
DS-038:1,DS-038,1,results/pilot_llm_assisted_batch4_DRAFT_UNREVIEWED.md,الـ Transformer معمارية عصبية قدمت عام 2017 وتعتمد كليًا على آلية الانتباه (Attention) دون تكرار أو التفاف.,"[{""proposition_text"":""قدمت معمارية Transformer عام 2017."",""exact_source_excerpt"":""الـ Transformer معمارية عصبية اتقدمت سنة 2017، وبتعتمد كليًا على آلية الانتباه Attention من غير تكرار أو التفاف."",""directly_source_supported"":true,""semantic_correspondence"":""The source explicitly states the year.""},{""proposition_text"":""تعتمد معمارية Transformer كليًا على الانتباه دون تكرار أو التفاف."",""exact_source_excerpt"":""الـ Transformer معمارية عصبية اتقدمت سنة 2017، وبتعتمد كليًا على آلية الانتباه Attention من غير تكرار أو التفاف."",""directly_source_supported"":true,""semantic_correspondence"":""The source explicitly states the architecture and preserved exclusion.""}]","[""الـ Transformer معمارية عصبية اتقدمت سنة 2017، وبتعتمد كليًا على آلية الانتباه Attention من غير تكرار أو التفاف."",""الـ Transformer معمارية عصبية اتقدمت سنة 2017، وبتعتمد كليًا على آلية الانتباه Attention من غير تكرار أو التفاف.""]",NON_ATOMIC_REPAIR_REQUIRED,Historical date and architectural mechanism can be correct or incorrect independently.,"{""can_proposition_1_be_true_while_proposition_2_is_false"":true,""can_proposition_2_be_true_while_proposition_1_is_false"":true,""evidence_based_explanation"":""The year does not determine the architecture, and the architecture does not determine the year."",""multi_proposition_analysis"":null,""semantic_dependency"":null}","[{""proposition_text"":""Transformer ظهر سنة 2017."",""exact_source_excerpt"":""الـ Transformer معمارية عصبية اتقدمت سنة 2017، وبتعتمد كليًا على آلية الانتباه Attention من غير تكرار أو التفاف."",""directly_source_supported"":true,""semantic_correspondence"":""The introduction year appears literally in the source.""},{""proposition_text"":""Transformer يستخدم Attention وحده من غير recurrence أو convolution."",""exact_source_excerpt"":""الـ Transformer معمارية عصبية اتقدمت سنة 2017، وبتعتمد كليًا على آلية الانتباه Attention من غير تكرار أو التفاف."",""directly_source_supported"":true,""semantic_correspondence"":""The source states attention-only architecture with preserved exclusions.""}]","[""الـ Transformer معمارية عصبية اتقدمت سنة 2017، وبتعتمد كليًا على آلية الانتباه Attention من غير تكرار أو التفاف."",""الـ Transformer معمارية عصبية اتقدمت سنة 2017، وبتعتمد كليًا على آلية الانتباه Attention من غير تكرار أو التفاف.""]",NON_ATOMIC_REPAIR_REQUIRED,A historical assertion and an architecture assertion require different evidence.,"{""can_proposition_1_be_true_while_proposition_2_is_false"":true,""can_proposition_2_be_true_while_proposition_1_is_false"":true,""evidence_based_explanation"":""One can accept the architecture while dispute the year, or accept the year while dispute the architecture."",""multi_proposition_analysis"":null,""semantic_dependency"":null}",false,null,NON_ATOMIC_REPAIR_REQUIRED,The separately authored passes agree. First-pass evidence: Historical date and architectural mechanism can be correct or incorrect independently. Verification evidence: A historical assertion and an architecture assertion require different evidence.,false,true,false,false
CS-001:4,CS-001,4,results/pilot_llm_assisted_batch4_DRAFT_UNREVIEWED.md,السلامة (Integrity) تعني ضمان عدم تعديل البيانات أو العبث بها بشكل غير مصرح به، وتدعم بتقنيات مثل الـ Hashing.,"[{""proposition_text"":""السلامة تعني منع التعديل أو العبث غير المصرح به، وتدعمها تقنيات مثل Hashing."",""exact_source_excerpt"":""السلامة Integrity معناها ضمان إن البيانات متتعدلش أو يتم العبث بيها بشكل غير مصرح به، وبتتدعم بتقنيات زي الـ Hashing والتوقيعات الرقمية Digital Signatures."",""directly_source_supported"":true,""semantic_correspondence"":""The source states one Integrity definition with Hashing as an implementation example.""}]","[""السلامة Integrity معناها ضمان إن البيانات متتعدلش أو يتم العبث بيها بشكل غير مصرح به، وبتتدعم بتقنيات زي الـ Hashing والتوقيعات الرقمية Digital Signatures.""]",INTEGRATED_SINGLE_CLAIM_FALSE_POSITIVE,Hashing is an example supporting the same negated Integrity definition.,"{""can_proposition_1_be_true_while_proposition_2_is_false"":false,""can_proposition_2_be_true_while_proposition_1_is_false"":false,""evidence_based_explanation"":""The implementation example does not create proposition 2."",""multi_proposition_analysis"":null,""semantic_dependency"":""Splitting would detach an example from the security property it supports.""}","[{""proposition_text"":""Integrity تمنع تغيير البيانات أو العبث غير المصرح وتدعمها أمثلة منها Hashing."",""exact_source_excerpt"":""السلامة Integrity معناها ضمان إن البيانات متتعدلش أو يتم العبث بيها بشكل غير مصرح به، وبتتدعم بتقنيات زي الـ Hashing والتوقيعات الرقمية Digital Signatures."",""directly_source_supported"":true,""semantic_correspondence"":""The source combines the negated definition with Hashing as one supporting example.""}]","[""السلامة Integrity معناها ضمان إن البيانات متتعدلش أو يتم العبث بيها بشكل غير مصرح به، وبتتدعم بتقنيات زي الـ Hashing والتوقيعات الرقمية Digital Signatures.""]",INTEGRATED_SINGLE_CLAIM_FALSE_POSITIVE,Hashing illustrates how the same Integrity property is supported; it is not a separate objective.,"{""can_proposition_1_be_true_while_proposition_2_is_false"":false,""can_proposition_2_be_true_while_proposition_1_is_false"":false,""evidence_based_explanation"":""Only one definition-with-example proposition survives the example rule."",""multi_proposition_analysis"":null,""semantic_dependency"":""Removing the security property from its example would create an contextless example claim.""}",false,null,INTEGRATED_SINGLE_CLAIM_FALSE_POSITIVE,The separately authored passes agree. First-pass evidence: Hashing is an example supporting the same negated Integrity definition. Verification evidence: Hashing illustrates how the same Integrity property is supported; it is not a separate objective.,false,true,false,false
CS-032:2,CS-032,2,results/pilot_llm_assisted_batch4_DRAFT_UNREVIEWED.md,يوحد النظام صيغ السجلات (Normalization) ويربط الأحداث المتفرقة (Correlation) لكشف أنماط هجوم لا تظهر في مصدر واحد.,"[{""proposition_text"":""نظام SIEM يوحد صيغ السجلات."",""exact_source_excerpt"":""النظام بيوحد صيغ السجلات Normalization، وبيربط الأحداث المتفرقة Correlation، عشان يكشف أنماط هجوم مش ظاهرة في مصدر واحد."",""directly_source_supported"":true,""semantic_correspondence"":""The source explicitly states normalization.""},{""proposition_text"":""نظام SIEM يربط الأحداث المتفرقة."",""exact_source_excerpt"":""النظام بيوحد صيغ السجلات Normalization، وبيربط الأحداث المتفرقة Correlation، عشان يكشف أنماط هجوم مش ظاهرة في مصدر واحد."",""directly_source_supported"":true,""semantic_correspondence"":""The source explicitly states correlation.""},{""proposition_text"":""توحيد السجلات وربط الأحداث يساعدان نظام SIEM على كشف أنماط هجوم لا تظهر في مصدر واحد."",""exact_source_excerpt"":""النظام بيوحد صيغ السجلات Normalization، وبيربط الأحداث المتفرقة Correlation، عشان يكشف أنماط هجوم مش ظاهرة في مصدر واحد."",""directly_source_supported"":true,""semantic_correspondence"":""The governing subject and operations are retained for the source-stated detection purpose.""}]","[""النظام بيوحد صيغ السجلات Normalization، وبيربط الأحداث المتفرقة Correlation، عشان يكشف أنماط هجوم مش ظاهرة في مصدر واحد."",""النظام بيوحد صيغ السجلات Normalization، وبيربط الأحداث المتفرقة Correlation، عشان يكشف أنماط هجوم مش ظاهرة في مصدر واحد."",""النظام بيوحد صيغ السجلات Normalization، وبيربط الأحداث المتفرقة Correlation، عشان يكشف أنماط هجوم مش ظاهرة في مصدر واحد.""]",NON_ATOMIC_REPAIR_REQUIRED,"Normalization, correlation, and their stated detection outcome are separately assessable.","{""can_proposition_1_be_true_while_proposition_2_is_false"":true,""can_proposition_2_be_true_while_proposition_1_is_false"":true,""evidence_based_explanation"":""The system can normalize without correlating and correlate without normalizing."",""multi_proposition_analysis"":""P1 normalization and P2 correlation are independent operations; P3 is a complete subject-governed outcome, not a bare purpose fragment, and can be evaluated independently of whether both operations were correctly described."",""semantic_dependency"":null}","[{""proposition_text"":""SIEM يطبع صيغ السجلات إلى صيغة موحدة."",""exact_source_excerpt"":""النظام بيوحد صيغ السجلات Normalization، وبيربط الأحداث المتفرقة Correlation، عشان يكشف أنماط هجوم مش ظاهرة في مصدر واحد."",""directly_source_supported"":true,""semantic_correspondence"":""The source names Normalization as a system action.""},{""proposition_text"":""SIEM يجري Correlation للأحداث المتفرقة."",""exact_source_excerpt"":""النظام بيوحد صيغ السجلات Normalization، وبيربط الأحداث المتفرقة Correlation، عشان يكشف أنماط هجوم مش ظاهرة في مصدر واحد."",""directly_source_supported"":true,""semantic_correspondence"":""The source names correlation as another action.""},{""proposition_text"":""تطبيع السجلات وربط الأحداث يتيحان لـSIEM كشف نمط هجوم لا يراه مصدر منفرد."",""exact_source_excerpt"":""النظام بيوحد صيغ السجلات Normalization، وبيربط الأحداث المتفرقة Correlation، عشان يكشف أنماط هجوم مش ظاهرة في مصدر واحد."",""directly_source_supported"":true,""semantic_correspondence"":""The diagnostic proposition restores the governing operations and system to the source's purpose clause.""}]","[""النظام بيوحد صيغ السجلات Normalization، وبيربط الأحداث المتفرقة Correlation، عشان يكشف أنماط هجوم مش ظاهرة في مصدر واحد."",""النظام بيوحد صيغ السجلات Normalization، وبيربط الأحداث المتفرقة Correlation، عشان يكشف أنماط هجوم مش ظاهرة في مصدر واحد."",""النظام بيوحد صيغ السجلات Normalization، وبيربط الأحداث المتفرقة Correlation، عشان يكشف أنماط هجوم مش ظاهرة في مصدر واحد.""]",NON_ATOMIC_REPAIR_REQUIRED,"Normalization, correlation, and the claimed cross-source result have distinct truth conditions.","{""can_proposition_1_be_true_while_proposition_2_is_false"":true,""can_proposition_2_be_true_while_proposition_1_is_false"":true,""evidence_based_explanation"":""A SIEM may normalize without correlating, or correlate without normalization."",""multi_proposition_analysis"":""P3 is not a bare لكشف fragment: it names SIEM and both governing operations; its outcome remains separately scoreable from whether P1 or P2 was accurately described."",""semantic_dependency"":null}",false,null,NON_ATOMIC_REPAIR_REQUIRED,"The separately authored passes agree. First-pass evidence: Normalization, correlation, and their stated detection outcome are separately assessable. Verification evidence: Normalization, correlation, and the claimed cross-source result have distinct truth conditions.",false,true,false,false
SE-030:5,SE-030,5,results/pilot_llm_assisted_batch4_DRAFT_UNREVIEWED.md,ترك الدين يتراكم يبطئ الفريق تدريجيًا ويزيد الأعطال وقد يصل إلى شل القدرة على إضافة ميزات جديدة.,"[{""proposition_text"":""تراكم الدين التقني يبطئ الفريق تدريجيًا."",""exact_source_excerpt"":""لو سيبت الدين يتراكم، بيبطئ الفريق تدريجيًا، وبيزيد الأعطال، وممكن يوصل لشل القدرة على إضافة ميزات جديدة."",""directly_source_supported"":true,""semantic_correspondence"":""The source explicitly states gradual slowdown.""},{""proposition_text"":""تراكم الدين التقني يزيد الأعطال."",""exact_source_excerpt"":""لو سيبت الدين يتراكم، بيبطئ الفريق تدريجيًا، وبيزيد الأعطال، وممكن يوصل لشل القدرة على إضافة ميزات جديدة."",""directly_source_supported"":true,""semantic_correspondence"":""The source explicitly states more failures.""},{""proposition_text"":""تراكم الدين التقني قد يصل إلى شل إضافة ميزات جديدة."",""exact_source_excerpt"":""لو سيبت الدين يتراكم، بيبطئ الفريق تدريجيًا، وبيزيد الأعطال، وممكن يوصل لشل القدرة على إضافة ميزات جديدة."",""directly_source_supported"":true,""semantic_correspondence"":""ممكن preserves the source's possibility for the strongest consequence.""}]","[""لو سيبت الدين يتراكم، بيبطئ الفريق تدريجيًا، وبيزيد الأعطال، وممكن يوصل لشل القدرة على إضافة ميزات جديدة."",""لو سيبت الدين يتراكم، بيبطئ الفريق تدريجيًا، وبيزيد الأعطال، وممكن يوصل لشل القدرة على إضافة ميزات جديدة."",""لو سيبت الدين يتراكم، بيبطئ الفريق تدريجيًا، وبيزيد الأعطال، وممكن يوصل لشل القدرة على إضافة ميزات جديدة.""]",NON_ATOMIC_REPAIR_REQUIRED,"Slowdown, failures, and possible feature paralysis are distinct consequences.","{""can_proposition_1_be_true_while_proposition_2_is_false"":true,""can_proposition_2_be_true_while_proposition_1_is_false"":true,""evidence_based_explanation"":""Slowdown and failures can occur independently."",""multi_proposition_analysis"":""P1 slowdown, P2 failures, and P3 possible paralysis can each be judged independently; the uncertainty marker remains in P3."",""semantic_dependency"":null}","[{""proposition_text"":""تراكم Technical Debt يبطئ تقدم الفريق بمرور الوقت."",""exact_source_excerpt"":""لو سيبت الدين يتراكم، بيبطئ الفريق تدريجيًا، وبيزيد الأعطال، وممكن يوصل لشل القدرة على إضافة ميزات جديدة."",""directly_source_supported"":true,""semantic_correspondence"":""بيبطئ الفريق تدريجيًا is the source effect.""},{""proposition_text"":""تراكم Technical Debt يرفع عدد الأعطال."",""exact_source_excerpt"":""لو سيبت الدين يتراكم، بيبطئ الفريق تدريجيًا، وبيزيد الأعطال، وممكن يوصل لشل القدرة على إضافة ميزات جديدة."",""directly_source_supported"":true,""semantic_correspondence"":""بيزيد الأعطال states a second effect.""},{""proposition_text"":""تراكم Technical Debt يمكن أن يشل إضافة ميزات جديدة."",""exact_source_excerpt"":""لو سيبت الدين يتراكم، بيبطئ الفريق تدريجيًا، وبيزيد الأعطال، وممكن يوصل لشل القدرة على إضافة ميزات جديدة."",""directly_source_supported"":true,""semantic_correspondence"":""ممكن يوصل preserves possibility rather than certainty.""}]","[""لو سيبت الدين يتراكم، بيبطئ الفريق تدريجيًا، وبيزيد الأعطال، وممكن يوصل لشل القدرة على إضافة ميزات جديدة."",""لو سيبت الدين يتراكم، بيبطئ الفريق تدريجيًا، وبيزيد الأعطال، وممكن يوصل لشل القدرة على إضافة ميزات جديدة."",""لو سيبت الدين يتراكم، بيبطئ الفريق تدريجيًا، وبيزيد الأعطال، وممكن يوصل لشل القدرة على إضافة ميزات جديدة.""]",NON_ATOMIC_REPAIR_REQUIRED,"The reverse review finds three severities of consequence, each independently observable.","{""can_proposition_1_be_true_while_proposition_2_is_false"":true,""can_proposition_2_be_true_while_proposition_1_is_false"":true,""evidence_based_explanation"":""A team may slow without more failures, or see failures without the stated gradual slowdown."",""multi_proposition_analysis"":""P1 speed, P2 failures, and P3 possible feature paralysis are separate outcomes; P3 alone carries the hedge."",""semantic_dependency"":null}",false,null,NON_ATOMIC_REPAIR_REQUIRED,"The separately authored passes agree. First-pass evidence: Slowdown, failures, and possible feature paralysis are distinct consequences. Verification evidence: The reverse review finds three severities of consequence, each independently observable.",true,false,false,false
SE-047:3,SE-047,3,results/pilot_llm_assisted_batch4_DRAFT_UNREVIEWED.md,استراتيجية Cache-Aside يطلب فيها التطبيق من الذاكرة المؤقتة أولًا ويجلب من المصدر ويخزن عند الغياب (Cache Miss).,"[{""proposition_text"":""في Cache-Aside يطلب التطبيق من الذاكرة المؤقتة أولًا، وعند Cache Miss يجلب من المصدر ويخزن."",""exact_source_excerpt"":""استراتيجية Cache-Aside بيطلب فيها التطبيق من الذاكرة المؤقتة الأول، وبيجلب من المصدر ويخزن عند الغياب Cache Miss."",""directly_source_supported"":true,""semantic_correspondence"":""The source presents lookup and the miss-conditioned branch as one ordered strategy.""}]","[""استراتيجية Cache-Aside بيطلب فيها التطبيق من الذاكرة المؤقتة الأول، وبيجلب من المصدر ويخزن عند الغياب Cache Miss.""]",INTEGRATED_SINGLE_CLAIM_FALSE_POSITIVE,The second action is directly scoped to cache absence and completes one Cache-Aside procedure.,"{""can_proposition_1_be_true_while_proposition_2_is_false"":false,""can_proposition_2_be_true_while_proposition_1_is_false"":false,""evidence_based_explanation"":""There is no independent proposition 2 after retaining the Cache Miss condition."",""multi_proposition_analysis"":null,""semantic_dependency"":""Splitting miss handling from the initial lookup would change the defined strategy.""}","[{""proposition_text"":""Cache-Aside يبدأ بطلب التطبيق من cache، وعند الغياب يجلب من المصدر ويخزن."",""exact_source_excerpt"":""استراتيجية Cache-Aside بيطلب فيها التطبيق من الذاكرة المؤقتة الأول، وبيجلب من المصدر ويخزن عند الغياب Cache Miss."",""directly_source_supported"":true,""semantic_correspondence"":""The source makes fetch-and-store conditional on cache absence after the initial lookup.""}]","[""استراتيجية Cache-Aside بيطلب فيها التطبيق من الذاكرة المؤقتة الأول، وبيجلب من المصدر ويخزن عند الغياب Cache Miss.""]",INTEGRATED_SINGLE_CLAIM_FALSE_POSITIVE,The cache miss condition scopes the later actions inside one named strategy.,"{""can_proposition_1_be_true_while_proposition_2_is_false"":false,""can_proposition_2_be_true_while_proposition_1_is_false"":false,""evidence_based_explanation"":""There is no independent second proposition once عند الغياب governs fetch and store."",""multi_proposition_analysis"":null,""semantic_dependency"":""Splitting would lose the ordered miss condition that defines when source retrieval occurs.""}",false,null,INTEGRATED_SINGLE_CLAIM_FALSE_POSITIVE,The separately authored passes agree. First-pass evidence: The second action is directly scoped to cache absence and completes one Cache-Aside procedure. Verification evidence: The cache miss condition scopes the later actions inside one named strategy.,false,false,false,false
GN-009:4,GN-009,4,results/pilot_llm_assisted_batch4_DRAFT_UNREVIEWED.md,طبقة الشبكة (Network) مسؤولة عن العنونة المنطقية والتوجيه (Routing) بين الشبكات المختلفة وتعمل بعناوين IP.,"[{""proposition_text"":""طبقة الشبكة مسؤولة عن العنونة المنطقية."",""exact_source_excerpt"":""طبقة الشبكة Network مسؤولة عن العنونة المنطقية والتوجيه Routing بين الشبكات المختلفة، وبتشتغل بعناوين IP."",""directly_source_supported"":true,""semantic_correspondence"":""The source explicitly states logical addressing.""},{""proposition_text"":""طبقة الشبكة مسؤولة عن التوجيه بين الشبكات المختلفة."",""exact_source_excerpt"":""طبقة الشبكة Network مسؤولة عن العنونة المنطقية والتوجيه Routing بين الشبكات المختلفة، وبتشتغل بعناوين IP."",""directly_source_supported"":true,""semantic_correspondence"":""The source explicitly states routing.""},{""proposition_text"":""طبقة الشبكة تعمل بعناوين IP."",""exact_source_excerpt"":""طبقة الشبكة Network مسؤولة عن العنونة المنطقية والتوجيه Routing بين الشبكات المختلفة، وبتشتغل بعناوين IP."",""directly_source_supported"":true,""semantic_correspondence"":""The source explicitly names IP addresses.""}]","[""طبقة الشبكة Network مسؤولة عن العنونة المنطقية والتوجيه Routing بين الشبكات المختلفة، وبتشتغل بعناوين IP."",""طبقة الشبكة Network مسؤولة عن العنونة المنطقية والتوجيه Routing بين الشبكات المختلفة، وبتشتغل بعناوين IP."",""طبقة الشبكة Network مسؤولة عن العنونة المنطقية والتوجيه Routing بين الشبكات المختلفة، وبتشتغل بعناوين IP.""]",NON_ATOMIC_REPAIR_REQUIRED,"Addressing, routing, and IP-address operation are separate network-layer facts.","{""can_proposition_1_be_true_while_proposition_2_is_false"":true,""can_proposition_2_be_true_while_proposition_1_is_false"":true,""evidence_based_explanation"":""Addressing and routing can be scored independently."",""multi_proposition_analysis"":""P1 addressing, P2 routing, and P3 IP addressing are distinct technical assertions, even though all share the same subject."",""semantic_dependency"":null}","[{""proposition_text"":""Network layer تنفذ العنونة المنطقية."",""exact_source_excerpt"":""طبقة الشبكة Network مسؤولة عن العنونة المنطقية والتوجيه Routing بين الشبكات المختلفة، وبتشتغل بعناوين IP."",""directly_source_supported"":true,""semantic_correspondence"":""العنونة المنطقية is explicitly assigned to the layer.""},{""proposition_text"":""Network layer توجه بين الشبكات."",""exact_source_excerpt"":""طبقة الشبكة Network مسؤولة عن العنونة المنطقية والتوجيه Routing بين الشبكات المختلفة، وبتشتغل بعناوين IP."",""directly_source_supported"":true,""semantic_correspondence"":""التوجيه بين الشبكات is explicitly assigned.""},{""proposition_text"":""Network layer تستخدم عناوين IP."",""exact_source_excerpt"":""طبقة الشبكة Network مسؤولة عن العنونة المنطقية والتوجيه Routing بين الشبكات المختلفة، وبتشتغل بعناوين IP."",""directly_source_supported"":true,""semantic_correspondence"":""بتشتغل بعناوين IP supplies the third property.""}]","[""طبقة الشبكة Network مسؤولة عن العنونة المنطقية والتوجيه Routing بين الشبكات المختلفة، وبتشتغل بعناوين IP."",""طبقة الشبكة Network مسؤولة عن العنونة المنطقية والتوجيه Routing بين الشبكات المختلفة، وبتشتغل بعناوين IP."",""طبقة الشبكة Network مسؤولة عن العنونة المنطقية والتوجيه Routing بين الشبكات المختلفة، وبتشتغل بعناوين IP.""]",NON_ATOMIC_REPAIR_REQUIRED,"The common subject does not merge addressing, routing, and IP use into one truth condition.","{""can_proposition_1_be_true_while_proposition_2_is_false"":true,""can_proposition_2_be_true_while_proposition_1_is_false"":true,""evidence_based_explanation"":""Addressing can be described correctly while routing is wrong, and routing can be correct while addressing wording is wrong."",""multi_proposition_analysis"":""Each of P1 addressing, P2 routing, and P3 IP use names the layer and is independently checkable."",""semantic_dependency"":null}",false,null,NON_ATOMIC_REPAIR_REQUIRED,"The separately authored passes agree. First-pass evidence: Addressing, routing, and IP-address operation are separate network-layer facts. Verification evidence: The common subject does not merge addressing, routing, and IP use into one truth condition.",false,false,false,false
DA-037:5,DA-037,5,results/pilot_llm_assisted_batch5_DRAFT_UNREVIEWED.md,يحدد المعامل subset الأعمدة المعتمدة في المقارنة، ويحدد المعامل keep أي نسخة يحتفظ بها.,"[{""proposition_text"":""subset يحدد الأعمدة المعتمدة في المقارنة."",""exact_source_excerpt"":""المعامل subset بيحدد الأعمدة المعتمدة في المقارنة، والمعامل keep بيحدد أي نسخة تتحفظ."",""directly_source_supported"":true,""semantic_correspondence"":""The source explicitly states subset behavior.""},{""proposition_text"":""keep يحدد أي نسخة يحتفظ بها."",""exact_source_excerpt"":""المعامل subset بيحدد الأعمدة المعتمدة في المقارنة، والمعامل keep بيحدد أي نسخة تتحفظ."",""directly_source_supported"":true,""semantic_correspondence"":""The source explicitly states keep behavior.""}]","[""المعامل subset بيحدد الأعمدة المعتمدة في المقارنة، والمعامل keep بيحدد أي نسخة تتحفظ."",""المعامل subset بيحدد الأعمدة المعتمدة في المقارنة، والمعامل keep بيحدد أي نسخة تتحفظ.""]",NON_ATOMIC_REPAIR_REQUIRED,The two parameters have different independently scoreable semantics.,"{""can_proposition_1_be_true_while_proposition_2_is_false"":true,""can_proposition_2_be_true_while_proposition_1_is_false"":true,""evidence_based_explanation"":""Either parameter description can be correct while the other is wrong."",""multi_proposition_analysis"":null,""semantic_dependency"":null}","[{""proposition_text"":""subset يختار أعمدة مقارنة التكرار."",""exact_source_excerpt"":""المعامل subset بيحدد الأعمدة المعتمدة في المقارنة، والمعامل keep بيحدد أي نسخة تتحفظ."",""directly_source_supported"":true,""semantic_correspondence"":""The first source clause identifies subset semantics.""},{""proposition_text"":""keep يختار نسخة السجل التي تبقى."",""exact_source_excerpt"":""المعامل subset بيحدد الأعمدة المعتمدة في المقارنة، والمعامل keep بيحدد أي نسخة تتحفظ."",""directly_source_supported"":true,""semantic_correspondence"":""The second source clause identifies keep semantics.""}]","[""المعامل subset بيحدد الأعمدة المعتمدة في المقارنة، والمعامل keep بيحدد أي نسخة تتحفظ."",""المعامل subset بيحدد الأعمدة المعتمدة في المقارنة، والمعامل keep بيحدد أي نسخة تتحفظ.""]",NON_ATOMIC_REPAIR_REQUIRED,Two named parameters perform separate jobs and can be graded separately.,"{""can_proposition_1_be_true_while_proposition_2_is_false"":true,""can_proposition_2_be_true_while_proposition_1_is_false"":true,""evidence_based_explanation"":""Correct subset semantics do not imply correct keep semantics, and conversely."",""multi_proposition_analysis"":null,""semantic_dependency"":null}",false,null,NON_ATOMIC_REPAIR_REQUIRED,The separately authored passes agree. First-pass evidence: The two parameters have different independently scoreable semantics. Verification evidence: Two named parameters perform separate jobs and can be graded separately.,false,false,false,false
DA-041:7,DA-041,7,results/pilot_llm_assisted_batch5_DRAFT_UNREVIEWED.md,تحسب الأعمدة المحسوبة صفًا بصف وتخزن نتائجها، بينما تحسب المقاييس ديناميكيًا وقت الاستعلام حسب سياق التقرير.,"[{""proposition_text"":""الأعمدة المحسوبة تحسب صفًا بصف وتخزن نتائجها."",""exact_source_excerpt"":""الأعمدة المحسوبة بتتحسب صف بصف وبتتخزن نتائجها، بينما المقاييس بتتحسب ديناميكيًا وقت الاستعلام حسب سياق التقرير."",""directly_source_supported"":true,""semantic_correspondence"":""The source explicitly states calculated-column evaluation and storage.""},{""proposition_text"":""المقاييس تحسب ديناميكيًا وقت الاستعلام حسب سياق التقرير."",""exact_source_excerpt"":""الأعمدة المحسوبة بتتحسب صف بصف وبتتخزن نتائجها، بينما المقاييس بتتحسب ديناميكيًا وقت الاستعلام حسب سياق التقرير."",""directly_source_supported"":true,""semantic_correspondence"":""The source explicitly states measure evaluation.""}]","[""الأعمدة المحسوبة بتتحسب صف بصف وبتتخزن نتائجها، بينما المقاييس بتتحسب ديناميكيًا وقت الاستعلام حسب سياق التقرير."",""الأعمدة المحسوبة بتتحسب صف بصف وبتتخزن نتائجها، بينما المقاييس بتتحسب ديناميكيًا وقت الاستعلام حسب سياق التقرير.""]",NON_ATOMIC_REPAIR_REQUIRED,The comparison makes independent assertions about calculated columns and measures.,"{""can_proposition_1_be_true_while_proposition_2_is_false"":true,""can_proposition_2_be_true_while_proposition_1_is_false"":true,""evidence_based_explanation"":""Either side can be evaluated without accepting the other."",""multi_proposition_analysis"":null,""semantic_dependency"":null}","[{""proposition_text"":""Calculated Columns تحسب لكل صف وتخزن ناتجها."",""exact_source_excerpt"":""الأعمدة المحسوبة بتتحسب صف بصف وبتتخزن نتائجها، بينما المقاييس بتتحسب ديناميكيًا وقت الاستعلام حسب سياق التقرير."",""directly_source_supported"":true,""semantic_correspondence"":""The source explicitly gives row evaluation and storage.""},{""proposition_text"":""Measures تحسب وقت الاستعلام ديناميكيًا وفق سياق التقرير."",""exact_source_excerpt"":""الأعمدة المحسوبة بتتحسب صف بصف وبتتخزن نتائجها، بينما المقاييس بتتحسب ديناميكيًا وقت الاستعلام حسب سياق التقرير."",""directly_source_supported"":true,""semantic_correspondence"":""The contrasting source clause gives dynamic query-time evaluation.""}]","[""الأعمدة المحسوبة بتتحسب صف بصف وبتتخزن نتائجها، بينما المقاييس بتتحسب ديناميكيًا وقت الاستعلام حسب سياق التقرير."",""الأعمدة المحسوبة بتتحسب صف بصف وبتتخزن نتائجها، بينما المقاييس بتتحسب ديناميكيًا وقت الاستعلام حسب سياق التقرير.""]",NON_ATOMIC_REPAIR_REQUIRED,Each side of the calculated-column/measure comparison asserts a complete behavior.,"{""can_proposition_1_be_true_while_proposition_2_is_false"":true,""can_proposition_2_be_true_while_proposition_1_is_false"":true,""evidence_based_explanation"":""The calculated-column description can be accepted while the measure description is rejected, and vice versa."",""multi_proposition_analysis"":null,""semantic_dependency"":null}",false,null,NON_ATOMIC_REPAIR_REQUIRED,The separately authored passes agree. First-pass evidence: The comparison makes independent assertions about calculated columns and measures. Verification evidence: Each side of the calculated-column/measure comparison asserts a complete behavior.,false,false,false,false
SE-022:4,SE-022,4,results/pilot_llm_assisted_batch5_DRAFT_UNREVIEWED.md,يعمل النظام بنموذج الحالة المرغوبة (Desired State) إذ يصف المستخدم المطلوب في ملفات YAML ويعمل النظام باستمرار على مطابقته.,"[{""proposition_text"":""في نموذج الحالة المرغوبة يصف المستخدم المطلوب في YAML ويطابقه النظام باستمرار."",""exact_source_excerpt"":""النظام بيشتغل بنموذج الحالة المرغوبة Desired State، المستخدم بيوصف المطلوب في ملفات YAML، والنظام بيشتغل باستمرار على مطابقته."",""directly_source_supported"":true,""semantic_correspondence"":""The source gives declaration and reconciliation as the two linked stages of one mechanism.""}]","[""النظام بيشتغل بنموذج الحالة المرغوبة Desired State، المستخدم بيوصف المطلوب في ملفات YAML، والنظام بيشتغل باستمرار على مطابقته.""]",INTEGRATED_SINGLE_CLAIM_FALSE_POSITIVE,"The system behavior is scoped to the state declared by the user, forming one desired-state mechanism.","{""can_proposition_1_be_true_while_proposition_2_is_false"":false,""can_proposition_2_be_true_while_proposition_1_is_false"":false,""evidence_based_explanation"":""There is one condition-and-behavior proposition rather than two independent outcomes."",""multi_proposition_analysis"":null,""semantic_dependency"":""Separating reconciliation would remove the declared state that it continuously matches.""}","[{""proposition_text"":""في Desired State يعلن المستخدم المطلوب في YAML ويواصل النظام مطابقته."",""exact_source_excerpt"":""النظام بيشتغل بنموذج الحالة المرغوبة Desired State، المستخدم بيوصف المطلوب في ملفات YAML، والنظام بيشتغل باستمرار على مطابقته."",""directly_source_supported"":true,""semantic_correspondence"":""The source binds the declared YAML state to continuous reconciliation.""}]","[""النظام بيشتغل بنموذج الحالة المرغوبة Desired State، المستخدم بيوصف المطلوب في ملفات YAML، والنظام بيشتغل باستمرار على مطابقته.""]",INTEGRATED_SINGLE_CLAIM_FALSE_POSITIVE,"The declaration supplies the object of the system's ongoing matching, so the clauses define one feedback mechanism.","{""can_proposition_1_be_true_while_proposition_2_is_false"":false,""can_proposition_2_be_true_while_proposition_1_is_false"":false,""evidence_based_explanation"":""After keeping the reference of مطابقته, there is only one declaration-and-reconciliation proposition."",""multi_proposition_analysis"":null,""semantic_dependency"":""Isolating matching from the state it matches would alter the mechanism rather than atomize it.""}",false,null,INTEGRATED_SINGLE_CLAIM_FALSE_POSITIVE,"The separately authored passes agree. First-pass evidence: The system behavior is scoped to the state declared by the user, forming one desired-state mechanism. Verification evidence: The declaration supplies the object of the system's ongoing matching, so the clauses define one feedback mechanism.",false,false,false,false
SE-029:5,SE-029,5,results/pilot_llm_assisted_batch5_DRAFT_UNREVIEWED.md,تنشر المراجعة المعرفة بين أعضاء الفريق وتقلل احتكار فرد واحد لفهم أجزاء من النظام.,"[{""proposition_text"":""مراجعة الكود تنشر المعرفة بين أعضاء الفريق."",""exact_source_excerpt"":""المراجعة بتنشر المعرفة بين أعضاء الفريق، وبتقلل احتكار فرد واحد لفهم أجزاء من النظام."",""directly_source_supported"":true,""semantic_correspondence"":""The source explicitly states knowledge distribution.""},{""proposition_text"":""مراجعة الكود تقلل احتكار فرد واحد لفهم أجزاء من النظام."",""exact_source_excerpt"":""المراجعة بتنشر المعرفة بين أعضاء الفريق، وبتقلل احتكار فرد واحد لفهم أجزاء من النظام."",""directly_source_supported"":true,""semantic_correspondence"":""The source explicitly states reduced concentration.""}]","[""المراجعة بتنشر المعرفة بين أعضاء الفريق، وبتقلل احتكار فرد واحد لفهم أجزاء من النظام."",""المراجعة بتنشر المعرفة بين أعضاء الفريق، وبتقلل احتكار فرد واحد لفهم أجزاء من النظام.""]",NON_ATOMIC_REPAIR_REQUIRED,Knowledge distribution and reduced individual concentration are separate team effects.,"{""can_proposition_1_be_true_while_proposition_2_is_false"":true,""can_proposition_2_be_true_while_proposition_1_is_false"":true,""evidence_based_explanation"":""Either effect can occur without fully establishing the other."",""multi_proposition_analysis"":null,""semantic_dependency"":null}","[{""proposition_text"":""Code Review يوزع المعرفة بين أفراد الفريق."",""exact_source_excerpt"":""المراجعة بتنشر المعرفة بين أعضاء الفريق، وبتقلل احتكار فرد واحد لفهم أجزاء من النظام."",""directly_source_supported"":true,""semantic_correspondence"":""تنشر المعرفة supports distribution.""},{""proposition_text"":""Code Review يخفض احتكار شخص واحد لفهم أجزاء النظام."",""exact_source_excerpt"":""المراجعة بتنشر المعرفة بين أعضاء الفريق، وبتقلل احتكار فرد واحد لفهم أجزاء من النظام."",""directly_source_supported"":true,""semantic_correspondence"":""تقلل احتكار فرد واحد supplies the concentration effect.""}]","[""المراجعة بتنشر المعرفة بين أعضاء الفريق، وبتقلل احتكار فرد واحد لفهم أجزاء من النظام."",""المراجعة بتنشر المعرفة بين أعضاء الفريق، وبتقلل احتكار فرد واحد لفهم أجزاء من النظام.""]",NON_ATOMIC_REPAIR_REQUIRED,Knowledge diffusion and reduced single-person ownership are related but not identical effects.,"{""can_proposition_1_be_true_while_proposition_2_is_false"":true,""can_proposition_2_be_true_while_proposition_1_is_false"":true,""evidence_based_explanation"":""Some knowledge may spread without removing concentration, and concentration may fall through means other than broad diffusion."",""multi_proposition_analysis"":null,""semantic_dependency"":null}",false,null,NON_ATOMIC_REPAIR_REQUIRED,The separately authored passes agree. First-pass evidence: Knowledge distribution and reduced individual concentration are separate team effects. Verification evidence: Knowledge diffusion and reduced single-person ownership are related but not identical effects.,false,false,false,false
SE-032:2,SE-032,2,results/pilot_llm_assisted_batch5_DRAFT_UNREVIEWED.md,المصفوفة (Array) تخزن العناصر في مواقع متجاورة وتتيح وصولًا مباشرًا بالفهرس بزمن ثابت.,"[{""proposition_text"":""المصفوفة تخزن العناصر في مواقع متجاورة."",""exact_source_excerpt"":""المصفوفة Array بتخزن العناصر في مواقع متجاورة، وبتتيح وصول مباشر بالفهرس بزمن ثابت."",""directly_source_supported"":true,""semantic_correspondence"":""The source explicitly states layout.""},{""proposition_text"":""المصفوفة تتيح وصولًا مباشرًا بالفهرس بزمن ثابت."",""exact_source_excerpt"":""المصفوفة Array بتخزن العناصر في مواقع متجاورة، وبتتيح وصول مباشر بالفهرس بزمن ثابت."",""directly_source_supported"":true,""semantic_correspondence"":""The source explicitly states indexed-access complexity.""}]","[""المصفوفة Array بتخزن العناصر في مواقع متجاورة، وبتتيح وصول مباشر بالفهرس بزمن ثابت."",""المصفوفة Array بتخزن العناصر في مواقع متجاورة، وبتتيح وصول مباشر بالفهرس بزمن ثابت.""]",NON_ATOMIC_REPAIR_REQUIRED,Memory layout and access complexity are distinct properties.,"{""can_proposition_1_be_true_while_proposition_2_is_false"":true,""can_proposition_2_be_true_while_proposition_1_is_false"":true,""evidence_based_explanation"":""Either property can be judged without assuming the other."",""multi_proposition_analysis"":null,""semantic_dependency"":null}","[{""proposition_text"":""Array يحتفظ بعناصره في ذاكرة متجاورة."",""exact_source_excerpt"":""المصفوفة Array بتخزن العناصر في مواقع متجاورة، وبتتيح وصول مباشر بالفهرس بزمن ثابت."",""directly_source_supported"":true,""semantic_correspondence"":""The source states contiguous locations.""},{""proposition_text"":""Array يوفر وصولًا مباشرًا ثابت الزمن بواسطة الفهرس."",""exact_source_excerpt"":""المصفوفة Array بتخزن العناصر في مواقع متجاورة، وبتتيح وصول مباشر بالفهرس بزمن ثابت."",""directly_source_supported"":true,""semantic_correspondence"":""The source separately states indexed access and time.""}]","[""المصفوفة Array بتخزن العناصر في مواقع متجاورة، وبتتيح وصول مباشر بالفهرس بزمن ثابت."",""المصفوفة Array بتخزن العناصر في مواقع متجاورة، وبتتيح وصول مباشر بالفهرس بزمن ثابت.""]",NON_ATOMIC_REPAIR_REQUIRED,Physical layout and indexed-access complexity are different scoreable properties.,"{""can_proposition_1_be_true_while_proposition_2_is_false"":true,""can_proposition_2_be_true_while_proposition_1_is_false"":true,""evidence_based_explanation"":""A layout claim does not settle time complexity, and a complexity claim does not settle physical contiguity."",""multi_proposition_analysis"":null,""semantic_dependency"":null}",false,null,NON_ATOMIC_REPAIR_REQUIRED,The separately authored passes agree. First-pass evidence: Memory layout and access complexity are distinct properties. Verification evidence: Physical layout and indexed-access complexity are different scoreable properties.,false,false,false,false
SE-032:3,SE-032,3,results/pilot_llm_assisted_batch5_DRAFT_UNREVIEWED.md,القائمة المتصلة (Linked List) تربط عقدًا بمؤشرات وتتيح إدراجًا وحذفًا مرنين دون إزاحة العناصر.,"[{""proposition_text"":""القائمة المتصلة تربط عقدًا بمؤشرات."",""exact_source_excerpt"":""القائمة المتصلة Linked List بتربط عقد بمؤشرات، وبتتيح إدراج وحذف مرنين من غير إزاحة العناصر."",""directly_source_supported"":true,""semantic_correspondence"":""The source explicitly states pointer linkage.""},{""proposition_text"":""القائمة المتصلة تتيح إدراجًا وحذفًا مرنين دون إزاحة العناصر."",""exact_source_excerpt"":""القائمة المتصلة Linked List بتربط عقد بمؤشرات، وبتتيح إدراج وحذف مرنين من غير إزاحة العناصر."",""directly_source_supported"":true,""semantic_correspondence"":""The source explicitly states operations and preserves من غير.""}]","[""القائمة المتصلة Linked List بتربط عقد بمؤشرات، وبتتيح إدراج وحذف مرنين من غير إزاحة العناصر."",""القائمة المتصلة Linked List بتربط عقد بمؤشرات، وبتتيح إدراج وحذف مرنين من غير إزاحة العناصر.""]",NON_ATOMIC_REPAIR_REQUIRED,Structure and insertion/deletion behavior are separately scoreable.,"{""can_proposition_1_be_true_while_proposition_2_is_false"":true,""can_proposition_2_be_true_while_proposition_1_is_false"":true,""evidence_based_explanation"":""The pointer assertion can be right while the operation claim is wrong, and conversely."",""multi_proposition_analysis"":null,""semantic_dependency"":null}","[{""proposition_text"":""Linked List توصل عقدها بواسطة مؤشرات."",""exact_source_excerpt"":""القائمة المتصلة Linked List بتربط عقد بمؤشرات، وبتتيح إدراج وحذف مرنين من غير إزاحة العناصر."",""directly_source_supported"":true,""semantic_correspondence"":""بتربط عقد بمؤشرات supports the structure.""},{""proposition_text"":""Linked List تسمح بإدراج وحذف مرنين من غير إزاحة العناصر."",""exact_source_excerpt"":""القائمة المتصلة Linked List بتربط عقد بمؤشرات، وبتتيح إدراج وحذف مرنين من غير إزاحة العناصر."",""directly_source_supported"":true,""semantic_correspondence"":""The source states both operations and the من غير إزاحة restriction.""}]","[""القائمة المتصلة Linked List بتربط عقد بمؤشرات، وبتتيح إدراج وحذف مرنين من غير إزاحة العناصر."",""القائمة المتصلة Linked List بتربط عقد بمؤشرات، وبتتيح إدراج وحذف مرنين من غير إزاحة العناصر.""]",NON_ATOMIC_REPAIR_REQUIRED,Pointer organization and update behavior are independent properties of the same structure.,"{""can_proposition_1_be_true_while_proposition_2_is_false"":true,""can_proposition_2_be_true_while_proposition_1_is_false"":true,""evidence_based_explanation"":""The linkage description can be true while the operation guarantee is false, and the operation statement can be tested without accepting the exact linkage wording."",""multi_proposition_analysis"":null,""semantic_dependency"":null}",false,null,NON_ATOMIC_REPAIR_REQUIRED,The separately authored passes agree. First-pass evidence: Structure and insertion/deletion behavior are separately scoreable. Verification evidence: Pointer organization and update behavior are independent properties of the same structure.,false,true,false,false
SE-032:8,SE-032,8,results/pilot_llm_assisted_batch5_DRAFT_UNREVIEWED.md,الرسوم البيانية (Graphs) تمثل الكيانات وعلاقاتها بعقد وحواف، ويحدد اختيار الهيكل المناسب كفاءة الخوارزمية بأكملها.,"[{""proposition_text"":""الرسوم البيانية تمثل الكيانات وعلاقاتها بعقد وحواف."",""exact_source_excerpt"":""الرسوم البيانية Graphs بتمثل الكيانات وعلاقاتها بعقد وحواف، واختيار الهيكل المناسب بيحدد كفاءة الخوارزمية بأكملها."",""directly_source_supported"":true,""semantic_correspondence"":""The source explicitly states graph representation.""},{""proposition_text"":""اختيار هيكل البيانات المناسب يحدد كفاءة الخوارزمية بأكملها."",""exact_source_excerpt"":""الرسوم البيانية Graphs بتمثل الكيانات وعلاقاتها بعقد وحواف، واختيار الهيكل المناسب بيحدد كفاءة الخوارزمية بأكملها."",""directly_source_supported"":true,""semantic_correspondence"":""The source separately states the efficiency consequence.""}]","[""الرسوم البيانية Graphs بتمثل الكيانات وعلاقاتها بعقد وحواف، واختيار الهيكل المناسب بيحدد كفاءة الخوارزمية بأكملها."",""الرسوم البيانية Graphs بتمثل الكيانات وعلاقاتها بعقد وحواف، واختيار الهيكل المناسب بيحدد كفاءة الخوارزمية بأكملها.""]",NON_ATOMIC_REPAIR_REQUIRED,The graph definition and the general structure-choice consequence are independent.,"{""can_proposition_1_be_true_while_proposition_2_is_false"":true,""can_proposition_2_be_true_while_proposition_1_is_false"":true,""evidence_based_explanation"":""The representation can be correct while the efficiency statement is rejected, and conversely."",""multi_proposition_analysis"":null,""semantic_dependency"":null}","[{""proposition_text"":""Graph يمثل كيانات وعلاقاتها بعقد وحواف."",""exact_source_excerpt"":""الرسوم البيانية Graphs بتمثل الكيانات وعلاقاتها بعقد وحواف، واختيار الهيكل المناسب بيحدد كفاءة الخوارزمية بأكملها."",""directly_source_supported"":true,""semantic_correspondence"":""The first source clause defines graph representation.""},{""proposition_text"":""اختيار بنية البيانات الملائمة يحدد كفاءة الخوارزمية كلها."",""exact_source_excerpt"":""الرسوم البيانية Graphs بتمثل الكيانات وعلاقاتها بعقد وحواف، واختيار الهيكل المناسب بيحدد كفاءة الخوارزمية بأكملها."",""directly_source_supported"":true,""semantic_correspondence"":""The second source clause asserts a structure-choice consequence.""}]","[""الرسوم البيانية Graphs بتمثل الكيانات وعلاقاتها بعقد وحواف، واختيار الهيكل المناسب بيحدد كفاءة الخوارزمية بأكملها."",""الرسوم البيانية Graphs بتمثل الكيانات وعلاقاتها بعقد وحواف، واختيار الهيكل المناسب بيحدد كفاءة الخوارزمية بأكملها.""]",NON_ATOMIC_REPAIR_REQUIRED,"One assertion defines graphs; the other generalizes about algorithm efficiency, so they require separate judgments.","{""can_proposition_1_be_true_while_proposition_2_is_false"":true,""can_proposition_2_be_true_while_proposition_1_is_false"":true,""evidence_based_explanation"":""Either assertion can fail without logically deciding the other."",""multi_proposition_analysis"":null,""semantic_dependency"":null}",false,null,NON_ATOMIC_REPAIR_REQUIRED,"The separately authored passes agree. First-pass evidence: The graph definition and the general structure-choice consequence are independent. Verification evidence: One assertion defines graphs; the other generalizes about algorithm efficiency, so they require separate judgments.",true,false,false,false
GN-015:3,GN-015,3,results/pilot_llm_assisted_batch5_DRAFT_UNREVIEWED.md,في الويب يرسل العميل طلب HTTP إلى نقطة نهاية (Endpoint) محددة ويستقبل استجابة غالبًا بصيغة JSON.,"[{""proposition_text"":""في الويب يرسل العميل طلب HTTP إلى Endpoint ويستقبل استجابة غالبًا بصيغة JSON."",""exact_source_excerpt"":""في الويب، العميل بيبعت طلب HTTP لنقطة نهاية Endpoint محددة، وبيستقبل استجابة غالبًا بصيغة JSON."",""directly_source_supported"":true,""semantic_correspondence"":""The source states one request-response exchange and preserves غالبًا on the response format.""}]","[""في الويب، العميل بيبعت طلب HTTP لنقطة نهاية Endpoint محددة، وبيستقبل استجابة غالبًا بصيغة JSON.""]",INTEGRATED_SINGLE_CLAIM_FALSE_POSITIVE,The received response is directly scoped to the initiating request in one web exchange.,"{""can_proposition_1_be_true_while_proposition_2_is_false"":false,""can_proposition_2_be_true_while_proposition_1_is_false"":false,""evidence_based_explanation"":""There is no independent response proposition without the corresponding request in this assertion."",""multi_proposition_analysis"":null,""semantic_dependency"":""Splitting the response from the request would fragment one HTTP transaction and strand the approximation qualifier.""}","[{""proposition_text"":""عميل الويب يرسل طلب HTTP إلى Endpoint محددة."",""exact_source_excerpt"":""في الويب، العميل بيبعت طلب HTTP لنقطة نهاية Endpoint محددة، وبيستقبل استجابة غالبًا بصيغة JSON."",""directly_source_supported"":true,""semantic_correspondence"":""العميل بيبعت طلب HTTP لنقطة نهاية supports the request action.""},{""proposition_text"":""عميل الويب يستقبل استجابة غالبًا بصيغة JSON."",""exact_source_excerpt"":""في الويب، العميل بيبعت طلب HTTP لنقطة نهاية Endpoint محددة، وبيستقبل استجابة غالبًا بصيغة JSON."",""directly_source_supported"":true,""semantic_correspondence"":""بيستقبل استجابة غالبًا بصيغة JSON supports the qualified response statement.""}]","[""في الويب، العميل بيبعت طلب HTTP لنقطة نهاية Endpoint محددة، وبيستقبل استجابة غالبًا بصيغة JSON."",""في الويب، العميل بيبعت طلب HTTP لنقطة نهاية Endpoint محددة، وبيستقبل استجابة غالبًا بصيغة JSON.""]",NON_ATOMIC_REPAIR_REQUIRED,The reverse pass initially treats outbound request and inbound response format as two observable assertions.,"{""can_proposition_1_be_true_while_proposition_2_is_false"":true,""can_proposition_2_be_true_while_proposition_1_is_false"":true,""evidence_based_explanation"":""A request can be sent without a response being received; a received response assertion can be evaluated separately from the endpoint wording."",""multi_proposition_analysis"":null,""semantic_dependency"":null}",true,"{""candidate_key"":""GN-015:3"",""first_classification"":""INTEGRATED_SINGLE_CLAIM_FALSE_POSITIVE"",""verification_classification"":""NON_ATOMIC_REPAIR_REQUIRED"",""exact_disputed_propositions"":[""عميل الويب يرسل طلب HTTP إلى Endpoint محددة."",""عميل الويب يستقبل استجابة غالبًا بصيغة JSON.""],""exact_source_excerpts"":[""في الويب، العميل بيبعت طلب HTTP لنقطة نهاية Endpoint محددة، وبيستقبل استجابة غالبًا بصيغة JSON.""],""independent_judgability_analysis"":{""can_proposition_1_be_true_while_proposition_2_is_false"":false,""can_proposition_2_be_true_while_proposition_1_is_false"":false,""evidence_based_explanation"":""Within the asserted web exchange, the response is the response to the initiating request. The second clause presupposes that transaction and carries a response-format qualifier; isolating it would remove the governing exchange and could strand غالبًا.""},""final_classification"":""INTEGRATED_SINGLE_CLAIM_FALSE_POSITIVE"",""final_rationale"":""The request and its qualified response are the ordered halves of one HTTP transaction, so splitting would materially fragment the procedure asserted by the source.""}",INTEGRATED_SINGLE_CLAIM_FALSE_POSITIVE,"The request and its qualified response are the ordered halves of one HTTP transaction, so splitting would materially fragment the procedure asserted by the source.",true,false,true,false
GN-037:2,GN-037,2,results/pilot_llm_assisted_batch5_DRAFT_UNREVIEWED.md,تجمع الأجهزة بيانات من محيطها وترسلها لتحليلها واتخاذ قرارات آلية أو يدوية بناءً عليها.,"[{""proposition_text"":""أجهزة IoT تجمع بيانات من محيطها وترسلها للتحليل واتخاذ قرارات بناءً عليها."",""exact_source_excerpt"":""الأجهزة دي بتجمع بيانات من محيطها وبتبعتها للتحليل واتخاذ قرارات آلية أو يدوية بناءً عليها."",""directly_source_supported"":true,""semantic_correspondence"":""The source presents collection and downstream use as one end-to-end data flow.""}]","[""الأجهزة دي بتجمع بيانات من محيطها وبتبعتها للتحليل واتخاذ قرارات آلية أو يدوية بناءً عليها.""]",INTEGRATED_SINGLE_CLAIM_FALSE_POSITIVE,"Pronouns and the purpose clause connect collection, transmission, analysis, and decisions into one pipeline description.","{""can_proposition_1_be_true_while_proposition_2_is_false"":false,""can_proposition_2_be_true_while_proposition_1_is_false"":false,""evidence_based_explanation"":""The first reading treats the downstream action as scoped to the same collected data, not as proposition 2."",""multi_proposition_analysis"":null,""semantic_dependency"":""Separating the destination and purpose would fragment the described data-flow mechanism.""}","[{""proposition_text"":""أجهزة إنترنت الأشياء تجمع بيانات من البيئة المحيطة."",""exact_source_excerpt"":""الأجهزة دي بتجمع بيانات من محيطها وبتبعتها للتحليل واتخاذ قرارات آلية أو يدوية بناءً عليها."",""directly_source_supported"":true,""semantic_correspondence"":""بتجمع بيانات من محيطها directly supports collection.""},{""proposition_text"":""أجهزة إنترنت الأشياء ترسل البيانات لتحليلها واتخاذ قرارات آلية أو يدوية بناءً عليها."",""exact_source_excerpt"":""الأجهزة دي بتجمع بيانات من محيطها وبتبعتها للتحليل واتخاذ قرارات آلية أو يدوية بناءً عليها."",""directly_source_supported"":true,""semantic_correspondence"":""بتبعتها للتحليل واتخاذ قرارات supports transmission and downstream purpose.""}]","[""الأجهزة دي بتجمع بيانات من محيطها وبتبعتها للتحليل واتخاذ قرارات آلية أو يدوية بناءً عليها."",""الأجهزة دي بتجمع بيانات من محيطها وبتبعتها للتحليل واتخاذ قرارات آلية أو يدوية بناءً عليها.""]",NON_ATOMIC_REPAIR_REQUIRED,Collection and downstream transmission/use remain meaningful and scoreable after naming the devices and data in both propositions.,"{""can_proposition_1_be_true_while_proposition_2_is_false"":true,""can_proposition_2_be_true_while_proposition_1_is_false"":true,""evidence_based_explanation"":""Devices can collect without transmitting, and devices can transmit data supplied to them without themselves collecting it from their surroundings."",""multi_proposition_analysis"":null,""semantic_dependency"":null}",true,"{""candidate_key"":""GN-037:2"",""first_classification"":""INTEGRATED_SINGLE_CLAIM_FALSE_POSITIVE"",""verification_classification"":""NON_ATOMIC_REPAIR_REQUIRED"",""exact_disputed_propositions"":[""أجهزة إنترنت الأشياء تجمع بيانات من البيئة المحيطة."",""أجهزة إنترنت الأشياء ترسل البيانات لتحليلها واتخاذ قرارات آلية أو يدوية بناءً عليها.""],""exact_source_excerpts"":[""الأجهزة دي بتجمع بيانات من محيطها وبتبعتها للتحليل واتخاذ قرارات آلية أو يدوية بناءً عليها.""],""independent_judgability_analysis"":{""can_proposition_1_be_true_while_proposition_2_is_false"":true,""can_proposition_2_be_true_while_proposition_1_is_false"":true,""evidence_based_explanation"":""Collection and transmission/downstream use are sequential but not inseparable. Devices can collect without sending, and devices can transmit data for analysis without the same device having collected it from its surroundings. Both diagnostic propositions retain explicit subjects and objects.""},""final_classification"":""NON_ATOMIC_REPAIR_REQUIRED"",""final_rationale"":""The first pass over-integrated an end-to-end pipeline whose collection and transmission/use stages remain independently judgeable without changing their source meaning.""}",NON_ATOMIC_REPAIR_REQUIRED,The first pass over-integrated an end-to-end pipeline whose collection and transmission/use stages remain independently judgeable without changing their source meaning.,false,false,false,false
GN-048:4,GN-048,4,results/pilot_llm_assisted_batch5_DRAFT_UNREVIEWED.md,الرخص الاحتكارية (Proprietary) تقيد الوصول للكود المصدري وتمنع التعديل وإعادة التوزيع.,"[{""proposition_text"":""الرخص الاحتكارية تقيد الوصول للكود المصدري."",""exact_source_excerpt"":""وفيه كمان رخص احتكارية، بتقيد الوصول للكود المصدري وتمنع التعديل وإعادة التوزيع."",""directly_source_supported"":true,""semantic_correspondence"":""The source explicitly states source-code access restriction.""},{""proposition_text"":""الرخص الاحتكارية تمنع التعديل."",""exact_source_excerpt"":""وفيه كمان رخص احتكارية، بتقيد الوصول للكود المصدري وتمنع التعديل وإعادة التوزيع."",""directly_source_supported"":true,""semantic_correspondence"":""The source explicitly states modification prohibition.""},{""proposition_text"":""الرخص الاحتكارية تمنع إعادة التوزيع."",""exact_source_excerpt"":""وفيه كمان رخص احتكارية، بتقيد الوصول للكود المصدري وتمنع التعديل وإعادة التوزيع."",""directly_source_supported"":true,""semantic_correspondence"":""The source explicitly states redistribution prohibition.""}]","[""وفيه كمان رخص احتكارية، بتقيد الوصول للكود المصدري وتمنع التعديل وإعادة التوزيع."",""وفيه كمان رخص احتكارية، بتقيد الوصول للكود المصدري وتمنع التعديل وإعادة التوزيع."",""وفيه كمان رخص احتكارية، بتقيد الوصول للكود المصدري وتمنع التعديل وإعادة التوزيع.""]",NON_ATOMIC_REPAIR_REQUIRED,"Source access, modification, and redistribution are independent license restrictions.","{""can_proposition_1_be_true_while_proposition_2_is_false"":true,""can_proposition_2_be_true_while_proposition_1_is_false"":true,""evidence_based_explanation"":""Access restriction and modification prohibition can vary independently."",""multi_proposition_analysis"":""P1 access, P2 modification, and P3 redistribution are three independently scoreable restrictions; prohibitive meaning is retained in each."",""semantic_dependency"":null}","[{""proposition_text"":""الرخصة الاحتكارية تقيد إتاحة الشفرة المصدرية."",""exact_source_excerpt"":""وفيه كمان رخص احتكارية، بتقيد الوصول للكود المصدري وتمنع التعديل وإعادة التوزيع."",""directly_source_supported"":true,""semantic_correspondence"":""بتقيد الوصول للكود المصدري is the source wording for restricted source access.""},{""proposition_text"":""الرخصة الاحتكارية تحظر تعديل البرنامج."",""exact_source_excerpt"":""وفيه كمان رخص احتكارية، بتقيد الوصول للكود المصدري وتمنع التعديل وإعادة التوزيع."",""directly_source_supported"":true,""semantic_correspondence"":""تمنع التعديل supplies the modification prohibition.""},{""proposition_text"":""الرخصة الاحتكارية تحظر إعادة توزيع البرنامج."",""exact_source_excerpt"":""وفيه كمان رخص احتكارية، بتقيد الوصول للكود المصدري وتمنع التعديل وإعادة التوزيع."",""directly_source_supported"":true,""semantic_correspondence"":""إعادة التوزيع is governed by تمنع in the same source clause.""}]","[""وفيه كمان رخص احتكارية، بتقيد الوصول للكود المصدري وتمنع التعديل وإعادة التوزيع."",""وفيه كمان رخص احتكارية، بتقيد الوصول للكود المصدري وتمنع التعديل وإعادة التوزيع."",""وفيه كمان رخص احتكارية، بتقيد الوصول للكود المصدري وتمنع التعديل وإعادة التوزيع.""]",NON_ATOMIC_REPAIR_REQUIRED,Reverse review finds three legally distinct restrictions; conjunction does not make them one restriction.,"{""can_proposition_1_be_true_while_proposition_2_is_false"":true,""can_proposition_2_be_true_while_proposition_1_is_false"":true,""evidence_based_explanation"":""A license may restrict source access without forbidding modification, or forbid modification without withholding source access."",""multi_proposition_analysis"":""Source access, modification, and redistribution are separate restriction dimensions; each proposition names the governing license and preserves prohibition."",""semantic_dependency"":null}",false,null,NON_ATOMIC_REPAIR_REQUIRED,"The separately authored passes agree. First-pass evidence: Source access, modification, and redistribution are independent license restrictions. Verification evidence: Reverse review finds three legally distinct restrictions; conjunction does not make them one restriction.",false,true,false,false
